Area Name,Date,# of Hunters,# of Ducks,# of Waterfowl,Average Ducks,Average Geese,Average Waterfowl,#1 Duck Harvest,#2 Duck Harvest,#1 Duck Species,#2 Duck Species
BUTTE VALLEY,10/6,27,105,108,3.89,0.11,4.00,43,14,MALL,GADW
BUTTE VALLEY,10/7,17,21,25,1.24,0.24,1.47,11,4,MALL,PNTL
HONEY LAKE-DAKIN,10/6,52,248,249,4.77,0.02,4.79,94,68,MALL,GADW
HONEY LAKE-DAKIN,10/7,30,111,114,3.70,0.10,3.80,33,18,MALL,AMWI
HONEY LAKE-FLEMING,10/6,41,185,188,4.51,0.07,4.59,82,49,MALL,GADW
HONEY LAKE-FLEMING,10/7,32,74,78,2.31,0.13,2.44,28,14,MALL,GADW
WILLOW CREEK,10/6,25,98,102,3.92,0.16,4.08,55,15,MALL,GADW
ASH CREEK,10/10,12,31,31,2.58,,2.58,11,7,MALL,GADW
ASH CREEK,10/13,11,35,37,3.18,0.18,3.36,10,9,AMWI,GADW
ASH CREEK,10/14,8,8,9,1.00,0.13,1.13,3,2,MALL,GADW
HONEY LAKE-DAKIN,10/10,19,92,92,4.84,,4.84,41,19,MALL,GADW
HONEY LAKE-DAKIN,10/13,26,85,88,3.27,0.12,3.38,36,15,MALL,SHOV
HONEY LAKE-DAKIN,10/14,21,58,59,2.76,0.05,2.81,21,17,MALL,SHOV
HONEY LAKE-FLEMING,10/10,7,32,32,4.57,,4.57,10,8,MALL,GADW
HONEY LAKE-FLEMING,10/13,21,81,81,3.86,,3.86,45,13,MALL,GADW
HONEY LAKE-FLEMING,10/14,11,49,49,4.45,,4.45,24,14,MALL,GADW
WILLOW CREEK,10/10,4,6,7,1.50,0.25,1.75,3,2,MALL,GADW
CHINA ISLAND (NO.GL),10/20,31,95,116,3.06,0.68,3.74,58,19,MALL,WDDU
CHINA ISLAND (NO.GL),10/21,25,78,98,3.12,0.80,3.92,23,20,MALL,SHOV
ASH CREEK,10/17,4,6,7,1.50,0.25,1.75,2,2,GADW,AMWI
ASH CREEK,10/20,9,32,32,3.56,,3.56,14,11,AMWI,MALL
ASH CREEK,10/21,7,17,17,2.43,,2.43,12,3,AMWI,MALL
BUTTE VALLEY,10/17,6,12,14,2.00,0.33,2.33,4,4,GWTL,SHOV
BUTTE VALLEY,10/20,8,28,28,3.50,,3.50,12,6,GWTL,GADW
BUTTE VALLEY,10/21,1,1,1,1.00,,1.00,1,0,PNTL,
FINNEY-RAMER,10/20,12,24,24,2.00,,2.00,9,7,SHOV,GWTL
FINNEY-RAMER,10/21,6,9,9,1.50,,1.50,3,3,SHOV,GWTL
GADWALL (NO.GL),10/20,36,211,211,5.86,,5.86,67,66,GWTL,CINT
GADWALL (NO.GL),10/21,30,132,133,4.40,0.03,4.43,55,42,GWTL,CINT
GOODYEAR SLOUGH,10/20,18,22,23,1.22,0.06,1.28,15,3,SHOV,MALL
GOODYEAR SLOUGH,10/21,11,2,3,0.18,0.09,0.27,2,0,SHOV,
GRIZZLY ISLAND,10/20,402,1756,1774,4.37,0.04,4.41,541,387,SHOV,MALL
GRIZZLY ISLAND,10/21,169,394,395,2.33,0.01,2.34,129,111,SHOV,GWTL
KERN,10/17,60,212,212,3.53,,3.53,49,43,GWTL,GADW
KERN,10/20,59,189,201,3.20,0.20,3.41,36,35,GWTL,REDH
ISLAND SLOUGH,10/20,44,158,158,3.59,,3.59,92,59,GWTL,SHOV
ISLAND SLOUGH,10/21,12,21,22,1.75,0.08,1.83,14,7,GWTL,SHOV
KESTERSON,10/20,95,341,341,3.59,,3.59,139,58,SHOV,MALL
KESTERSON,10/21,52,168,174,3.23,0.12,3.35,74,40,GWTL,SHOV
LOS BANOS,10/20,241,887,894,3.68,0.03,3.71,392,169,MALL,SHOV
LOS BANOS,10/21,148,287,287,1.94,,1.94,128,52,MALL,GWTL
MENDOTA,10/20,627,2558,2560,4.08,,4.08,895,724,GWTL,SHOV
MENDOTA,10/21,280,514,514,1.84,,1.84,166,121,GWTL,SHOV
MERCED,10/20,24,86,88,3.58,0.08,3.67,40,21,SHOV,MALL
NORTH FRIETAS,10/20,42,174,174,4.14,,4.14,134,13,MALL,GWTL
NORTH FRIETAS,10/21,28,112,112,4.00,,4.00,52,48,GWTL,MALL
SOUTH FRIETAS,10/20,38,135,135,3.55,,3.55,80,29,MALL,GWTL
SOUTH FRIETAS,10/21,34,95,95,2.79,,2.79,38,34,MALL,GWTL
SALT SLOUGH (NO.GL),10/20,90,348,348,3.87,,3.87,143,70,MALL,CINT
SALT SLOUGH (NO.GL),10/21,44,79,80,1.80,0.02,1.82,34,15,MALL,CINT
SALTON SEA NWR,10/20,47,122,124,2.60,0.04,2.64,53,28,CINT,GWTL
SALTON SEA NWR,10/21,12,5,5,0.42,,0.42,2,1,REDH,MALL
SAN JACINTO,10/20,103,434,434,4.21,,4.21,174,124,CINT,SHOV
SAN LUIS,10/20,134,461,461,3.44,,3.44,132,130,SHOV,GWTL
SAN LUIS,10/21,86,287,290,3.34,0.03,3.37,189,42,GWTL,MALL
SHASTA VALLEY,10/17,27,81,83,3.00,0.07,3.07,38,17,GWTL,MALL
SHASTA VALLEY,10/20,19,62,67,3.26,0.26,3.53,32,13,GWTL,PNTL
SHASTA VALLEY,10/21,17,16,16,0.94,,0.94,6,5,PNTL,GWTL
VOLTA,10/20,137,658,661,4.80,0.02,4.82,242,204,SHOV,MALL
VOLTA,10/21,55,166,166,3.02,,3.02,46,39,MALL,SHOV
WISTER,10/20,419,1666,1681,3.98,0.04,4.01,780,285,GWTL,CINT
WISTER,10/21,277,353,355,1.27,0.01,1.28,165,63,GWTL,CINT
WEST FAMILY JR UNIT,10/20,5,13,13,2.60,,2.60,7,3,SHOV,AMWI
WEST FAMILY JR UNIT,10/21,1,1,1,1.00,,1.00,1,0,MALL,
ASH CREEK,10/24,2,10,10,5.00,,5.00,4,3,AMWI,GWTL
ASH CREEK,10/27,6,15,15,2.50,,2.50,6,5,MALL,AMWI
ASH CREEK,10/28,5,2,2,0.40,,0.40,1,1,MALL,GADW
DELEVAN,10/27,241,917,1109,3.80,0.80,4.60,182,167,MALL,SHOV
DELEVAN,10/28,173,379,499,2.19,0.69,2.88,91,58,PNTL,GWTL
BUTTE VALLEY,10/24,12,48,49,4.00,0.08,4.08,28,7,GWTL,AMWI
BUTTE VALLEY,10/27,19,81,81,4.26,,4.26,52,11,GWTL,SHOV
BUTTE VALLEY,10/28,10,16,16,1.60,,1.60,8,3,GWTL,AMWI
FINNEY-RAMER,10/26,2,3,11,1.50,,1.50,2,1,GWTL,CINT
FINNEY-RAMER,10/27,2,5,5,2.50,,2.50,2,2,GWTL,SHOV
FINNEY-RAMER,10/28,1,2,2,2.00,,2.00,1,1,CINT,SHOV
COLUSA,10/27,139,613,646,4.41,0.24,4.65,136,106,SHOV,GWTL
COLUSA,10/28,86,158,167,1.84,0.10,1.94,42,32,MALL,PNTL
GADWALL (NO.GL),10/24,24,110,110,4.58,,4.58,26,26,SHOV,GWTL
GADWALL (NO.GL),10/27,23,82,82,3.57,,3.57,42,16,CINT,SHOV
GADWALL (NO.GL),10/28,25,45,45,1.80,,1.80,16,14,CINT,GWTL
GRAY LODGE,10/27,513,2969,2982,5.79,0.03,5.81,902,465,GWTL,MALL
GRAY LODGE,10/28,301,872,890,2.90,0.06,2.96,237,161,GWTL,MALL
GRIZZLY ISLAND,10/24,150,347,348,2.31,0.01,2.32,95,75,SHOV,MALL
GRIZZLY ISLAND,10/27,129,173,180,1.34,0.05,1.40,91,28,SHOV,GWTL
GRIZZLY ISLAND,10/28,51,56,58,1.10,0.04,1.14,22,10,SHOV,MALL
HONEY LAKE-DAKIN,10/24,11,47,47,4.27,,4.27,21,9,GADW,SHOV
HONEY LAKE-DAKIN,10/27,24,39,39,1.63,,1.63,11,8,GADW,SHOV
HONEY LAKE-DAKIN,10/28,13,19,19,1.46,,1.46,6,5,PNTL,MALL
HONEY LAKE-FLEMING,10/24,12,31,31,2.58,,2.58,9,6,GADW,MALL
HONEY LAKE-FLEMING,10/27,18,29,31,1.61,0.11,1.72,5,5,MALL,GWTL
HONEY LAKE-FLEMING,10/28,10,16,17,1.60,0.10,1.70,7,4,MALL,GADW
HOWARD SLOUGH (UBB),10/27,47,232,232,4.94,,4.94,89,28,MALL,AMWI
HOWARD SLOUGH (UBB),10/28,38,72,78,1.89,0.16,2.05,22,15,MALL,CINT
KERN,10/24,72,228,245,3.17,0.24,3.40,42,38,GADW,SHOV
KERN,10/27,75,267,275,3.56,0.11,3.67,80,44,SHOV,GWTL
KESTERSON,10/24,49,186,187,3.80,0.02,3.82,64,51,SHOV,MALL
KESTERSON,10/27,45,121,121,2.69,,2.69,50,37,SHOV,GWTL
KESTERSON,10/28,51,26,26,0.51,,0.51,7,6,SHOV,GWTL
LITTLE DRY CR. (UBB),10/27,86,385,397,4.48,0.14,4.62,151,80,MALL,GADW
LITTLE DRY CR. (UBB),10/28,89,200,204,2.25,0.04,2.29,64,46,MALL,WDDU
LLANO SECO (UBB),10/27,22,55,55,2.50,,2.50,22,9,GWTL,AMWI
LLANO SECO (UBB),10/28,21,38,39,1.81,0.05,1.86,15,6,GWTL,AMWI
LOS BANOS,10/24,85,403,408,4.74,0.06,4.80,249,38,MALL,SHOV
LOS BANOS,10/27,116,187,193,1.61,0.05,1.66,73,28,MALL,GWTL
LOS BANOS,10/28,60,61,61,1.02,,1.02,24,13,MALL,GWTL
MENDOTA,10/24,137,317,330,2.31,0.09,2.41,135,56,MALL,SHOV
MENDOTA,10/27,152,269,271,1.77,0.01,1.78,77,58,GWTL,SHOV
MENDOTA,10/28,99,92,92,0.93,,0.93,27,19,SHOV,RNDU
MERCED,10/24,17,72,73,4.24,0.06,4.29,27,22,MALL,SHOV
MERCED,10/27,24,56,60,2.33,0.17,2.50,28,14,SHOV,MALL
NORTH FRIETAS,10/24,16,91,91,5.69,,5.69,68,6,MALL,GADW
NORTH FRIETAS,10/27,23,60,60,2.61,,2.61,50,4,MALL,GWTL
NORTH FRIETAS,10/28,7,19,19,2.71,,2.71,16,2,MALL,GWTL
SOUTH FRIETAS,10/24,16,33,33,2.06,,2.06,20,3,MALL,GWTL
SOUTH FRIETAS,10/27,16,33,33,2.06,,2.06,15,11,GWTL,MALL
SOUTH FRIETAS,10/28,9,5,5,0.56,,0.56,3,2,GWTL,GADW
SALT SLOUGH (NO.GL),10/24,36,147,149,4.08,0.06,4.14,105,13,MALL,SHOV
SALT SLOUGH (NO.GL),10/27,43,63,63,1.47,,1.47,32,13,MALL,GWTL
SALT SLOUGH (NO.GL),10/28,13,36,36,2.77,,2.77,27,4,MALL,CINT
SACRAMENTO,10/27,317,1217,1424,3.84,0.65,4.49,231,224,SHOV,MALL
SACRAMENTO,10/28,204,322,450,1.58,0.63,2.21,71,51,PNTL,SHOV
SAN JACINTO,10/24,83,249,251,3.00,0.02,3.02,80,66,SHOV,CINT
SAN JACINTO,10/27,73,180,184,2.47,0.05,2.52,41,37,SHOV,GWTL
SAN LUIS,10/24,66,309,313,4.68,0.06,4.74,166,60,MALL,GWTL
SAN LUIS,10/27,93,165,165,1.77,,1.77,90,36,GWTL,MALL
SAN LUIS,10/28,35,55,57,1.57,0.06,1.63,30,7,GWTL,MALL
SHASTA VALLEY,10/24,36,73,73,2.03,,2.03,24,16,GWTL,MALL
SHASTA VALLEY,10/27,30,90,92,3.00,0.07,3.07,27,24,GWTL,MALL
SHASTA VALLEY,10/28,20,21,21,1.05,,1.05,12,7,GWTL,PNTL
VOLTA,10/24,30,136,136,4.53,,4.53,70,32,MALL,SHOV
VOLTA,10/27,27,63,63,2.33,,2.33,27,13,MALL,SHOV
VOLTA,10/28,15,22,22,1.47,,1.47,9,4,MALL,PNTL
WILLOW CREEK,10/27,2,4,4,2.00,,2.00,2,1,AMWI,MALL
WILLOW CREEK,10/28,5,2,2,0.40,,0.40,2,0,BUFH,
WISTER,10/24,81,144,145,1.78,0.01,1.79,73,18,GWTL,SHOV
WISTER,10/27,125,247,260,1.98,0.10,2.08,100,34,GWTL,SHOV
WISTER,10/28,64,77,77,1.20,,1.20,21,15,GWTL,SHOV
YOLO,10/27,132,411,426,3.11,0.11,3.23,209,90,SHOV,MALL
YOLO,10/28,75,82,91,1.09,0.12,1.21,24,16,SHOV,MALL
CHINA ISLAND (NO.GL),10/31,11,10,10,0.91,,0.91,5,3,MALL,GWTL
CHINA ISLAND (NO.GL),11/3,20,34,34,1.70,,1.70,17,5,MALL,WDDU
CHINA ISLAND (NO.GL),11/4,13,21,21,1.62,,1.62,16,3,MALL,GWTL
ASH CREEK,10/31,5,15,16,3.00,0.20,3.20,5,4,MALL,AMWI
ASH CREEK,11/3,16,23,24,1.44,0.06,1.50,10,5,AMWI,BUFH
ASH CREEK,11/4,5,8,10,1.60,0.40,2.00,4,2,BUFH,GWTL
DELEVAN,10/31,148,483,554,3.26,0.48,3.74,108,89,AMWI,GADW
DELEVAN,11/3,164,454,493,2.77,0.24,3.01,95,94,MALL,SHOV
DELEVAN,11/4,152,297,337,1.95,0.26,2.22,76,51,GWTL,MALL
BUTTE VALLEY,10/31,9,41,41,4.56,,4.56,17,10,GWTL,AMWI
BUTTE VALLEY,11/3,38,111,112,2.92,0.03,2.95,29,25,GWTL,AMWI
BUTTE VALLEY,11/4,9,12,12,1.33,,1.33,5,3,MALL,AMWI
FINNEY-RAMER,10/31,2,3,3,1.50,,1.50,2,1,GWTL,SHOV
FINNEY-RAMER,11/2,3,5,5,1.67,,1.67,4,1,GWTL,CINT
FINNEY-RAMER,11/3,4,8,8,2.00,,2.00,5,3,GWTL,SHOV
FINNEY-RAMER,11/4,1,3,3,3.00,,3.00,1,1,GWTL,CINT
COLUSA,10/31,56,131,138,2.34,0.13,2.46,29,24,MALL,SHOV
COLUSA,11/3,103,205,208,1.99,0.03,2.02,39,35,SHOV,RNDU
COLUSA,11/4,70,129,133,1.84,0.06,1.90,35,32,MALL,GWTL
GADWALL (NO.GL),10/31,21,38,38,1.81,,1.81,14,12,GWTL,CINT
GADWALL (NO.GL),11/3,31,75,76,2.42,0.03,2.45,29,15,GWTL,CINT
GADWALL (NO.GL),11/4,20,32,32,1.60,,1.60,9,8,GWTL,SHOV
GOODYEAR SLOUGH,10/31,7,4,4,0.57,,0.57,2,2,AMWI,PNTL
GOODYEAR SLOUGH,11/3,8,9,9,1.13,,1.13,2,2,MALL,AMWI
GOODYEAR SLOUGH,11/4,9,5,5,0.56,,0.56,4,1,SHOV,GWTL
GRAY LODGE,10/31,144,436,447,3.03,0.08,3.10,85,71,MALL,GADW
GRAY LODGE,11/3,299,466,490,1.56,0.08,1.64,123,77,GWTL,MALL
GRAY LODGE,11/4,155,223,237,1.44,0.09,1.53,41,40,WDDU,MALL
GRIZZLY ISLAND,10/31,65,100,116,1.54,0.25,1.78,39,14,SHOV,MALL
GRIZZLY ISLAND,11/3,125,160,167,1.28,0.06,1.34,48,29,SHOV,GWTL
GRIZZLY ISLAND,11/4,47,64,67,1.36,0.06,1.43,19,15,SHOV,MALL
HONEY LAKE-DAKIN,10/31,24,136,148,5.67,0.50,6.17,38,26,MALL,AMWI
HONEY LAKE-DAKIN,11/3,34,113,116,3.32,0.09,3.41,30,25,MALL,GWTL
HONEY LAKE-DAKIN,11/4,22,18,19,0.82,0.05,0.86,6,5,SHOV,AMWI
HONEY LAKE-FLEMING,10/31,14,49,49,3.50,,3.50,21,10,MALL,GWTL
HONEY LAKE-FLEMING,11/3,17,30,31,1.76,0.06,1.82,9,6,MALL,PNTL
HONEY LAKE-FLEMING,11/4,12,12,13,1.00,0.08,1.08,3,2,GWTL,MALL
HOWARD SLOUGH (UBB),10/31,34,85,85,2.50,,2.50,29,23,AMWI,MALL
HOWARD SLOUGH (UBB),11/3,50,115,115,2.30,,2.30,26,25,MALL,GWTL
HOWARD SLOUGH (UBB),11/4,30,73,73,2.43,,2.43,24,11,WDDU,AMWI
ISLAND SLOUGH,10/31,5,4,4,0.80,,0.80,3,1,MALL,SHOV
ISLAND SLOUGH,11/3,11,7,9,0.64,0.18,0.82,4,2,SHOV,GWTL
ISLAND SLOUGH,11/4,4,0,0,,,,0,0,,
KESTERSON,10/31,30,30,30,1.00,,1.00,13,10,GWTL,SHOV
KESTERSON,11/3,58,90,93,1.55,0.05,1.60,31,27,MALL,GWTL
KESTERSON,11/4,30,23,23,0.77,,0.77,8,5,MALL,GWTL
LITTLE DRY CR. (UBB),10/31,61,235,241,3.85,0.10,3.95,83,55,MALL,AMWI
LITTLE DRY CR. (UBB),11/3,81,195,196,2.41,0.01,2.42,57,44,MALL,WDDU
LITTLE DRY CR. (UBB),11/4,63,115,117,1.83,0.03,1.86,41,18,MALL,AMWI
LLANO SECO (UBB),10/31,20,40,40,2.00,,2.00,15,5,AMWI,WDDU
LLANO SECO (UBB),11/3,29,50,50,1.72,,1.72,20,7,AMWI,CINT
LLANO SECO (UBB),11/4,13,16,16,1.23,,1.23,5,5,GWTL,SHOV
LOS BANOS,10/31,56,114,114,2.04,,2.04,38,31,MALL,GWTL
LOS BANOS,11/3,101,305,308,3.02,0.03,3.05,103,95,GWTL,MALL
LOS BANOS,11/4,56,62,62,1.11,,1.11,29,7,MALL,GWTL
MENDOTA,10/31,88,117,128,1.33,0.13,1.45,28,20,SHOV,MALL
MENDOTA,11/3,182,475,485,2.61,0.05,2.66,177,86,GWTL,MALL
MENDOTA,11/4,116,187,196,1.61,0.08,1.69,53,37,GWTL,MALL
MERCED,10/31,14,35,35,2.50,,2.50,16,6,SHOV,MALL
MERCED,11/3,21,29,29,1.38,,1.38,18,3,MALL,PNTL
NORTH FRIETAS,10/31,7,9,9,1.29,,1.29,5,2,MALL,GWTL
NORTH FRIETAS,11/3,15,41,41,2.73,,2.73,33,4,MALL,GWTL
NORTH FRIETAS,11/4,10,30,30,3.00,,3.00,17,10,MALL,GWTL
SOUTH FRIETAS,10/31,5,12,12,2.40,,2.40,7,5,MALL,GWTL
SOUTH FRIETAS,11/3,18,25,25,1.39,,1.39,11,8,MALL,GWTL
SOUTH FRIETAS,11/4,7,4,4,0.57,,0.57,3,1,MALL,GADW
SALT SLOUGH (NO.GL),10/31,25,25,25,1.00,,1.00,15,7,MALL,GWTL
SALT SLOUGH (NO.GL),11/3,42,51,51,1.21,,1.21,25,15,MALL,GWTL
SALT SLOUGH (NO.GL),11/4,22,28,28,1.27,,1.27,9,7,MALL,PNTL
SALTON SEA NWR,10/31,3,6,6,2.00,,2.00,4,1,RNDU,SCAU
SALTON SEA NWR,11/3,10,11,21,1.10,1.00,2.10,5,4,SHOV,GWTL
SALTON SEA NWR,11/4,3,0,4,,1.33,1.33,0,10,,
SACRAMENTO,10/31,153,514,581,3.36,0.44,3.80,120,91,AMWI,SHOV
SACRAMENTO,11/3,179,539,599,3.01,0.34,3.35,102,86,AMWI,SHOV
SACRAMENTO,11/4,144,272,292,1.89,0.14,2.03,48,48,MALL,SHOV
SAN JACINTO,10/31,99,233,238,2.35,0.05,2.40,70,43,GWTL,CINT
SAN JACINTO,11/3,99,149,153,1.51,0.04,1.55,35,26,GWTL,SHOV
SAN LUIS,10/31,54,97,97,1.80,,1.80,59,17,GWTL,MALL
SAN LUIS,11/3,90,122,122,1.36,,1.36,53,34,GWTL,MALL
SAN LUIS,11/4,38,36,37,0.95,0.03,0.97,14,13,GWTL,MALL
SHASTA VALLEY,10/31,20,74,75,3.70,0.05,3.75,24,19,GWTL,MALL
SHASTA VALLEY,11/3,35,77,78,2.20,0.03,2.23,19,18,GWTL,MALL
SHASTA VALLEY,11/4,5,5,11,1.00,1.20,2.20,2,1,GWTL,MALL
SUTTER,10/31,82,140,146,1.71,0.07,1.78,58,31,MALL,AMWI
SUTTER,11/3,86,160,162,1.86,0.02,1.88,64,26,MALL,GWTL
SUTTER,11/4,75,122,130,1.63,0.11,1.73,41,16,MALL,GWTL
VOLTA,10/31,27,22,23,0.81,,0.85,6,5,MALL,SHOV
VOLTA,11/3,29,56,56,1.93,,1.93,21,12,MALL,CINT
VOLTA,11/4,10,14,14,1.40,,1.40,5,5,MALL,SHOV
WILLOW CREEK,10/31,6,21,21,3.50,,3.50,8,5,GWTL,MALL
WILLOW CREEK,11/3,7,28,29,4.00,0.14,4.14,9,5,MALL,AMWI
WILLOW CREEK,11/4,5,8,11,1.60,0.60,2.20,3,3,MALL,AMWI
WISTER,10/31,56,159,177,2.84,0.32,3.16,46,39,SHOV,AMWI
WISTER,11/3,133,338,373,2.54,0.26,2.80,99,96,AMWI,SHOV
WISTER,11/4,77,43,48,0.56,0.06,0.62,11,10,GWTL,SHOV
YOLO,10/31,76,112,126,1.47,0.18,1.66,41,18,SHOV,MALL
YOLO,11/3,101,119,152,1.18,0.33,1.50,30,24,SHOV,MALL
YOLO,11/4,81,39,49,0.48,0.12,0.60,20,4,SHOV,GADW
YOLO,11/5,62,66,82,1.06,0.26,1.32,12,12,MALL,SHOV
ASH CREEK,11/7,5,10,10,2.00,,2.00,6,2,AMWI,GADW
ASH CREEK,11/10,24,15,15,0.63,,0.63,12,2,BUFH,GADW
ASH CREEK,11/11,10,2,2,0.20,,0.20,1,1,MALL,BUFH
DELEVAN,11/7,123,295,322,2.40,0.22,2.62,83,66,MALL,AMWI
DELEVAN,11/10,182,577,616,3.17,0.21,3.38,182,121,MALL,AMWI
DELEVAN,11/11,162,321,372,1.98,0.31,2.30,64,64,GADW,SHOV
BUTTE VALLEY,11/7,18,38,39,2.11,0.06,2.17,10,6,GWTL,AMWI
BUTTE VALLEY,11/10,34,134,136,3.94,0.06,4.00,52,31,GWTL,SHOV
BUTTE VALLEY,11/11,13,20,20,1.54,,1.54,7,6,MALL,SHOV
FINNEY-RAMER,11/7,3,4,4,1.33,,1.33,2,1,GWTL,CINT
FINNEY-RAMER,11/8,1,3,3,3.00,,3.00,2,1,GWTL,SHOV
FINNEY-RAMER,11/9,3,5,5,1.67,,1.67,5,0,GWTL,
FINNEY-RAMER,11/10,5,9,9,1.80,,1.80,8,1,GWTL,SHOV
FINNEY-RAMER,11/11,2,4,4,2.00,,2.00,2,1,SHOV,GWTL
COLUSA,11/7,58,92,94,1.59,0.03,1.62,35,15,MALL,GADW
COLUSA,11/10,90,207,211,2.30,0.04,2.34,47,46,MALL,SHOV
COLUSA,11/11,62,80,84,1.29,0.06,1.35,21,20,MALL,GADW
GADWALL (NO.GL),11/7,13,22,22,1.69,,1.69,6,5,SHOV,GWTL
GADWALL (NO.GL),11/10,17,48,48,2.82,,2.82,22,13,CINT,SHOV
GADWALL (NO.GL),11/11,17,43,45,2.53,0.12,2.65,18,9,SHOV,CINT
GOLD HILLS,11/7,3,0,0,,,,0,0,,
GOODYEAR SLOUGH,11/7,12,6,6,0.50,,0.50,4,2,AMWI,MALL
GOODYEAR SLOUGH,11/10,8,9,9,1.13,,1.13,5,3,SHOV,MALL
GOODYEAR SLOUGH,11/11,6,4,4,0.67,,0.67,2,2,MALL,SCAU
GRAY LODGE,11/7,131,156,173,1.19,0.13,1.32,44,23,MALL,AMWI
GRAY LODGE,11/10,499,157,159,0.31,0.004,0.32,44,25,MALL,SHOV
GRAY LODGE,11/11,296,115,138,0.39,0.08,0.47,25,16,MALL,WDDU
GRIZZLY ISLAND,11/7,65,135,138,2.08,0.05,2.12,41,23,SHOV,MALL
GRIZZLY ISLAND,11/10,317,175,179,0.55,0.01,0.56,72,31,SHOV,MALL
GRIZZLY ISLAND,11/11,113,21,21,0.19,,0.19,6,5,SHOV,PNTL
HONEY LAKE-DAKIN,11/7,35,107,107,3.06,,3.06,47,27,MALL,AMWI
HONEY LAKE-DAKIN,11/10,53,51,53,0.96,0.04,1.00,23,11,MALL,GADW
HONEY LAKE-DAKIN,11/11,25,9,9,0.36,,0.36,5,2,AMWI,GADW
HONEY LAKE-FLEMING,11/7,25,67,70,2.68,0.12,2.80,24,19,MALL,GADW
HONEY LAKE-FLEMING,11/10,61,46,46,0.75,,0.75,16,10,GADW,MALL
HONEY LAKE-FLEMING,11/11,39,13,13,0.33,,0.33,5,3,GADW,MALL
HOWARD SLOUGH (UBB),11/7,25,43,43,1.72,,1.72,25,5,MALL,AMWI
HOWARD SLOUGH (UBB),11/10,80,71,71,0.89,,0.89,27,13,MALL,GWTL
HOWARD SLOUGH (UBB),11/11,68,24,24,0.35,,0.35,8,8,MALL,WDDU
ISLAND SLOUGH,11/7,7,8,9,1.14,,1.29,3,2,MALL,GADW
ISLAND SLOUGH,11/10,17,9,9,0.53,,0.53,5,3,SHOV,MALL
ISLAND SLOUGH,11/11,6,3,3,0.50,,0.50,2,1,MALL,SHOV
KESTERSON,11/7,35,29,29,0.83,,0.83,9,8,SHOV,GWTL
KESTERSON,11/10,68,74,74,1.09,,1.09,26,22,GWTL,SHOV
KESTERSON,11/11,30,16,17,0.53,0.03,0.57,9,5,SHOV,MALL
LITTLE DRY CR. (UBB),11/7,58,180,190,3.10,0.17,3.28,95,28,MALL,WDDU
LITTLE DRY CR. (UBB),11/10,105,235,237,2.24,0.02,2.26,100,35,MALL,GADW
LITTLE DRY CR. (UBB),11/11,99,110,112,1.11,0.02,1.13,60,15,MALL,AMWI
LLANO SECO (UBB),11/7,23,22,22,0.96,,0.96,6,6,MALL,SHOV
LLANO SECO (UBB),11/10,50,55,55,1.10,,1.10,16,11,GWTL,AMWI
LLANO SECO (UBB),11/11,20,15,15,0.75,,0.75,6,5,AMWI,GWTL
LOS BANOS,11/7,52,64,64,1.23,,1.23,33,8,MALL,GADW
LOS BANOS,11/10,140,95,97,0.68,0.01,0.69,35,15,MALL,GWTL
LOS BANOS,11/11,85,39,40,0.46,0.01,0.47,16,8,MALL,SHOV
MENDOTA,11/7,87,174,175,2.00,0.01,2.01,53,32,MALL,SHOV
MENDOTA,11/10,366,346,348,0.95,0.01,0.95,108,89,SHOV,MALL
MENDOTA,11/11,162,72,76,0.44,,0.47,20,19,MALL,SHOV
MERCED,11/7,19,27,27,1.42,,1.42,10,5,MALL,GWTL
MERCED,11/10,10,37,37,3.70,,3.70,16,12,MALL,SHOV
NORTH FRIETAS,11/7,9,16,16,1.78,,1.78,14,3,MALL,GWTL
NORTH FRIETAS,11/10,15,27,27,1.80,,1.80,15,10,MALL,GWTL
NORTH FRIETAS,11/11,5,7,8,1.40,0.20,1.60,6,1,MALL,AMWI
SOUTH FRIETAS,11/7,5,7,7,1.40,,1.40,4,1,GWTL,MALL
SOUTH FRIETAS,11/10,20,16,16,0.80,,0.80,10,5,GWTL,MALL
SOUTH FRIETAS,11/11,14,3,3,0.21,,0.21,1,1,MALL,GADW
SALT SLOUGH (NO.GL),11/7,22,32,32,1.45,,1.45,25,2,MALL,GWTL
SALT SLOUGH (NO.GL),11/10,75,29,29,0.39,,0.39,20,4,MALL,GWTL
SALT SLOUGH (NO.GL),11/11,45,11,11,0.24,,0.24,5,3,MALL,GWTL
SALTON SEA NWR,11/7,3,0,2,,0.67,0.67,0,0,PNTL,
SALTON SEA NWR,11/10,22,20,35,0.91,0.68,1.59,6,6,SHOV,
SALTON SEA NWR,11/11,15,5,7,0.33,0.13,0.47,2,1,MALL,PNTL
SAN JACINTO,11/7,60,168,170,2.80,,2.83,38,37,SHOV,GWTL
SAN JACINTO,11/10,80,152,153,1.90,,1.91,33,32,SHOV,GWTL
SAN LUIS,11/7,27,33,33,1.22,,1.22,15,14,GWTL,MALL
SAN LUIS,11/10,95,98,107,1.03,0.10,1.13,42,19,GWTL,SHOV
SAN LUIS,11/11,63,44,50,0.70,,0.79,15,9,MALL,SHOV
SHASTA VALLEY,11/7,17,21,21,1.24,,1.24,7,6,MALL,PNTL
SHASTA VALLEY,11/10,13,31,31,2.38,,2.38,10,6,MALL,PNTL
SHASTA VALLEY,11/11,40,26,26,0.65,,0.65,14,5,MALL,PNTL
SUTTER,11/7,68,105,107,1.54,0.03,1.57,50,12,MALL,SHOV
SUTTER,11/10,72,131,133,1.82,0.03,1.85,61,19,MALL,SHOV
SUTTER,11/11,62,46,50,0.74,0.06,0.81,14,5,MALL,GADW
VOLTA,11/7,20,7,53,0.35,,2.65,4,1,MALL,GADW
VOLTA,11/10,43,21,44,0.49,,1.02,13,5,MALL,SHOV
VOLTA,11/11,18,5,15,0.28,,0.83,4,1,MALL,GWTL
WILLOW CREEK,11/10,5,22,22,4.40,,4.40,14,4,MALL,GADW
WILLOW CREEK,11/11,5,10,10,2.00,,2.00,3,3,GADW,AMWI
WISTER,11/7,72,116,136,1.61,0.28,1.89,48,23,AMWI,SHOV
WISTER,11/10,211,224,286,1.06,0.29,1.36,60,36,AMWI,GWTL
WISTER,11/11,88,75,95,0.85,0.23,1.08,23,22,SHOV,AMWI
YOLO,11/10,149,68,73,0.46,0.03,0.49,24,9,MALL,PNTL
YOLO,11/11,72,35,41,0.49,0.08,0.57,14,5,SHOV,MALL
WEST FAMILY JR,11/7,0,0,0,,,,0,0,,
WEST FAMILY JR,11/10,7,8,9,1.14,,1.29,7,1,SHOV,GWTL
DELEVAN,11/14,123,174,190,1.41,0.13,1.54,42,41,SHOV,AMWI
DELEVAN,11/17,160,241,277,1.51,0.23,1.73,49,41,SHOV,AMWI
DELEVAN,11/18,63,205,263,3.25,0.92,4.17,69,30,MALL,GWTL
BUTTE VALLEY,11/14,22,47,47,2.14,,2.14,18,10,GWTL,SHOV
BUTTE VALLEY,11/17,18,46,48,2.56,0.11,2.67,18,8,SHOV,AMWI
BUTTE VALLEY,11/18,12,3,3,0.25,,0.25,2,1,SHOV,AMWI
FINNEY-RAMER,11/16,5,8,8,1.60,,1.60,5,2,GWTL,SHOV
FINNEY-RAMER,11/17,7,9,9,1.29,,1.29,6,3,GWTL,SHOV
FINNEY-RAMER,11/18,2,5,5,2.50,,2.50,4,1,GWTL,SHOV
COLUSA,11/14,48,75,84,1.56,0.19,1.75,19,13,MALL,SHOV
COLUSA,11/17,75,95,99,1.27,0.05,1.32,20,20,MALL,GWTL
COLUSA,11/18,59,65,68,1.10,0.05,1.15,13,11,MALL,GWTL
GADWALL (NO.GL),11/14,10,15,16,1.50,0.10,1.60,6,4,SHOV,GWTL
GADWALL (NO.GL),11/17,27,52,55,1.93,0.11,2.04,31,5,GWTL,CINT
GADWALL (NO.GL),11/18,13,42,49,3.23,0.54,3.77,14,9,GWTL,SHOV
GRAY LODGE,11/14,110,71,75,0.65,0.04,0.68,23,12,MALL,SHOV
GRAY LODGE,11/17,210,165,173,0.79,0.04,0.82,46,36,MALL,AMWI
GRAY LODGE,11/18,182,119,129,0.65,0.05,0.71,29,25,WDDU,MALL
GRIZZLY ISLAND,11/14,92,55,58,0.60,0.03,0.63,23,7,SHOV,PNTL
GRIZZLY ISLAND,11/17,163,55,56,0.34,0.01,0.34,14,13,MALL,SHOV
GRIZZLY ISLAND,11/18,98,24,25,0.24,0.01,0.26,6,5,SHOV,MALL
HONEY LAKE-DAKIN,11/14,35,57,60,1.63,0.09,1.71,24,15,MALL,AMWI
HONEY LAKE-DAKIN,11/17,47,52,57,1.11,0.11,1.21,13,12,MALL,AMWI
HONEY LAKE-DAKIN,11/18,35,20,34,0.57,0.40,0.97,4,4,GADW,PNTL
HONEY LAKE-FLEMING,11/14,70,39,41,0.56,0.03,0.59,18,17,MALL,SHOV
HONEY LAKE-FLEMING,11/17,64,12,13,0.19,0.02,0.20,5,5,GADW,SHOV
HONEY LAKE-FLEMING,11/18,39,6,6,0.15,,0.15,3,2,GADW,MALL
KERN,11/14,70,257,265,3.67,0.11,3.79,83,61,SHOV,GADW
KERN,11/17,74,209,210,2.82,,2.84,61,60,GADW,SHOV
KESTERSON,11/14,27,23,28,0.85,0.19,1.04,12,5,SHOV,GWTL
KESTERSON,11/17,47,21,27,0.45,0.13,0.57,9,5,GWTL,SHOV
KESTERSON,11/18,20,53,53,2.65,,2.65,12,9,RNDU,GWTL
LOS BANOS,11/14,52,49,49,0.94,,0.94,12,11,MALL,SHOV
LOS BANOS,11/17,82,65,65,0.79,,0.79,16,15,MALL,GWTL
LOS BANOS,11/18,51,102,103,2.00,0.02,2.02,25,25,SHOV,RNDU
MENDOTA,11/14,88,63,65,0.72,0.02,0.74,21,18,MALL,SHOV
MENDOTA,11/17,225,129,135,0.57,0.03,0.60,27,25,MALL,SHOV
MENDOTA,11/18,174,142,148,0.82,0.03,0.85,35,31,GWTL,MALL
MERCED,11/14,22,29,29,1.32,,1.32,7,5,MALL,GWTL
MERCED,11/17,26,56,70,2.15,0.54,2.69,37,7,MALL,GADW
NORTH FRIETAS,11/14,1,4,4,4.00,,4.00,3,1,MALL,SHOV
NORTH FRIETAS,11/17,9,21,21,2.33,,2.33,19,1,MALL,SHOV
NORTH FRIETAS,11/18,0,0,0,,,,0,0,,
SOUTH FRIETAS,11/14,4,5,5,1.25,,1.25,4,1,MALL,GWTL
SOUTH FRIETAS,11/17,15,9,9,0.60,,0.60,7,1,MALL,GADW
SOUTH FRIETAS,11/10,10,6,6,0.60,,0.60,2,2,GWTL,RNDU
SALT SLOUGH (NO.GL),11/14,27,21,21,0.78,,0.78,10,8,MALL,GWTL
SALT SLOUGH (NO.GL),11/17,27,11,12,0.41,0.04,0.44,6,2,MALL,WDDU
SALT SLOUGH (NO.GL),11/18,19,22,23,1.16,0.05,1.21,10,4,MALL,GWTL
SALTON SEA NWR,11/14,12,5,6,0.42,0.08,0.50,2,2,GWTL,SHOV
SALTON SEA NWR,11/17,12,10,10,0.83,,0.83,3,2,AMWI,GWTL
SALTON SEA NWR,11/18,5,0,0,,,,0,0,,
SACRAMENTO,11/14,125,152,173,1.22,0.17,1.38,39,23,SHOV,GADW
SACRAMENTO,11/17,173,184,204,1.06,0.12,1.18,32,31,SHOV,MALL
SACRAMENTO,11/18,91,267,286,2.93,0.21,3.14,60,60,AMWI,GWTL
SAN LUIS,11/14,42,21,21,0.50,,0.50,6,5,GWTL,SHOV
SAN LUIS,11/17,76,45,45,0.59,,0.59,14,14,MALL,GWTL
SAN LUIS,11/18,35,62,62,1.77,,1.77,30,12,GWTL,MALL
SHASTA VALLEY,11/14,21,35,36,1.67,0.05,1.71,19,7,GWTL,MALL
SHASTA VALLEY,11/17,62,46,46,0.74,,0.74,29,7,GWTL,MALL
SHASTA VALLEY,11/18,35,5,5,0.14,,0.14,2,2,PNTL,GWTL
SUTTER,11/14,64,57,62,0.89,0.08,0.97,28,7,MALL,GADW
SUTTER,11/17,73,143,146,1.96,0.04,2.00,40,35,GWTL,MALL
SUTTER,11/18,79,61,73,0.77,0.15,0.92,27,9,MALL,AMWI
VOLTA,11/14,18,2,70,0.11,,3.89,1,1,MALL,GADW
VOLTA,11/17,13,15,37,1.15,,2.85,11,2,GWTL,SHOV
VOLTA,11/18,12,9,29,0.75,,2.42,4,3,SHOV,CINT
WILLOW CREEK,11/14,0,0,0,,,,0,0,,
WILLOW CREEK,11/17,2,30,3,1.50,,1.50,1,1,MALL,GOLD
WILLOW CREEK,11/18,3,3,3,1.00,,1.00,1,1,MALL,GADW
WISTER,11/14,94,186,213,1.98,0.29,2.27,70,32,AMWI,GWTL
WISTER,11/17,167,201,234,1.20,0.20,1.40,59,45,AMWI,GWTL
WISTER,11/18,87,24,43,0.28,0.22,0.49,5,5,SHOV,RUDD
YOLO,11/14,83,54,54,0.65,,0.65,21,7,SHOV,PNTL
YOLO,11/17,113,101,105,0.89,0.04,0.93,35,14,GWTL,MALL
YOLO,11/18,105,43,52,0.41,0.09,0.50,10,7,SHOV,RNDU
WEST BEAR CREEK,11/17,35,128,128,3.66,,3.66,77,42,MALL,WDDU
WEST BEAR CREEK,11/18,32,77,82,2.41,0.16,2.56,30,26,GWTL,MALL
ASH CREEK,11/21,6,4,4,0.67,,0.67,3,1,MALL,PNTL
ASH CREEK,11/24,10,15,16,1.50,0.10,1.60,7,3,MALL,GADW
ASH CREEK,11/25,5,11,12,2.20,0.20,2.40,5,2,MALL,GWTL
BUTTE VALLEY,11/21,21,59,61,2.81,0.10,2.90,18,13,MALL,AMWI
BUTTE VALLEY,11/24,12,6,6,0.50,,0.50,2,2,PNTL,SHOV
BUTTE VALLEY,11/25,15,25,26,1.67,0.07,1.73,9,16,SHOV,AMWI
FINNEY-RAMER,11/21,3,4,4,1.33,,1.33,2,2,GWTL,SHOV
FINNEY-RAMER,11/22,2,1,1,0.50,,0.50,1,0,GWTL,
FINNEY-RAMER,11/23,4,8,8,2.00,,2.00,4,3,GWTL,SHOV
FINNEY-RAMER,11/24,5,10,10,2.00,,2.00,5,3,GWTL,SHOV
FINNEY-RAMER,11/25,3,1,1,0.33,,0.33,1,0,SHOV,
COLUSA,11/21,63,90,93,1.43,0.05,1.48,19,18,RNDU,MALL
COLUSA,11/24,81,125,126,1.54,0.01,1.56,36,19,GADW,MALL
COLUSA,11/25,73,87,90,1.19,0.04,1.23,29,16,SHOV,MALL
GADWALL (NO.GL),11/21,22,65,65,2.95,,2.95,23,22,GWTL,SHOV
GADWALL (NO.GL),11/23,4,10,0,2.50,,2.50,0,0,SHOV,
GADWALL (NO.GL),11/24,26,94,96,3.62,0.08,3.69,30,28,GWTL,SHOV
GADWALL (NO.GL),11/25,33,50,50,1.52,,1.52,15,15,GWTL,SHOV
GRIZZLY ISLAND,11/21,117,51,54,0.44,0.03,0.46,12,11,MALL,AMWI
GRIZZLY ISLAND,11/24,143,145,155,1.01,0.07,1.08,66,15,SHOV,GADW
GRIZZLY ISLAND,11/25,86,56,77,0.65,,0.90,23,22,SHOV,MALL
HONEY LAKE-DAKIN,11/21,47,83,96,1.77,0.28,2.04,25,24,MALL,GADW
HONEY LAKE-DAKIN,11/24,27,33,38,1.22,0.19,1.41,14,5,MALL,PNTL
HONEY LAKE-DAKIN,11/25,20,66,70,3.30,0.20,3.50,19,16,GADW,MALL
HONEY LAKE-FLEMING,11/21,50,77,79,1.54,0.04,1.58,18,17,MALL,GADW
HONEY LAKE-FLEMING,11/24,37,68,68,1.84,,1.84,30,13,MALL,GADW
HONEY LAKE-FLEMING,11/25,35,48,52,1.37,0.11,1.49,24,7,MALL,GADW
HOWARD SLOUGH (UBB),11/21,49,50,50,1.02,,1.02,19,10,MALL,WDDU
HOWARD SLOUGH (UBB),11/24,60,34,34,0.57,,0.57,13,7,MALL,SHOV
HOWARD SLOUGH (UBB),11/25,40,71,81,1.78,0.25,2.03,16,15,GWTL,MALL
KESTERSON,11/21,35,95,101,2.71,0.17,2.89,22,19,GWTL,RNDU
KESTERSON,11/24,55,64,65,1.16,0.02,1.18,23,19,MALL,GWTL
KESTERSON,11/25,38,18,18,0.47,,0.47,5,3,GWTL,GADW
LITTLE DRY CR. (UBB),11/21,91,135,136,1.48,0.01,1.50,52,17,MALL,GWTL
LITTLE DRY CR. (UBB),11/24,86,171,178,1.99,0.08,2.07,41,32,MALL,GWTL
LITTLE DRY CR. (UBB),11/25,88,143,151,1.63,0.09,1.72,33,32,MALL,GWTL
LLANO SECO (UBB),11/21,34,55,56,1.62,0.03,1.65,15,14,MALL,AMWI
LLANO SECO (UBB),11/24,25,34,35,1.36,0.04,1.40,8,6,SHOV,MALL
LLANO SECO (UBB),11/25,45,162,166,3.60,0.09,3.69,45,39,AMWI,GWTL
LOS BANOS,11/21,113,165,166,1.46,0.009,1.47,55,34,MALL,GWTL
LOS BANOS,11/23,73,9,0,,,,0,0,,
LOS BANOS,11/24,126,146,150,1.16,0.03,1.19,48,36,GWTL,SHOV
LOS BANOS,11/25,71,73,77,1.03,0.06,1.08,27,16,MALL,GWTL
MENDOTA,11/21,175,298,304,1.70,0.03,1.74,55,49,RNDU,SHOV
MENDOTA,11/23,53,0,0,,,,0,0,,
MENDOTA,11/24,232,300,309,1.29,0.04,1.33,82,74,GWTL,SHOV
MENDOTA,11/25,138,59,61,0.43,0.01,0.44,13,13,MALL,GWTL
MERCED,11/21,25,75,75,3.00,,3.00,55,6,MALL,GADW
MERCED,11/24,27,81,86,3.00,0.19,3.19,48,13,MALL,SHOV
NORTH FRIETAS,11/21,5,11,11,2.20,,2.20,5,3,GWTL,MALL
NORTH FRIETAS,11/24,8,4,4,0.50,,0.50,4,0,MALL,
NORTH FRIETAS,11/25,16,0,0,1.33,0.13,1.46,0,0,MALL,GWTL
SOUTH FRIETAS,11/21,14,10,11,0.71,0.07,0.79,5,4,MALL,SHOV
SOUTH FRIETAS,11/24,208,3,3,0.20,0.10,0.30,1,1,MALL,
SOUTH FRIETAS,11/25,14,3,4,0.21,0.07,0.29,1,1,CINT,SHOV
SALT SLOUGH (NO.GL),11/21,30,71,71,2.37,,2.37,38,8,MALL,GWTL
SALT SLOUGH (NO.GL),11/23,11,0,0,,,,0,0,PNTL,
SALT SLOUGH (NO.GL),11/24,34,70,70,2.06,,2.06,33,15,MALL,
SALT SLOUGH (NO.GL),11/25,31,46,46,1.48,,1.48,23,12,MALL,SHOV
SALTON SEA NWR,11/21,8,3,17,0.38,1.75,2.13,3,0,CINT,
SALTON SEA NWR,11/24,19,2,8,0.11,0.32,0.42,2,0,GWTL,
SALTON SEA NWR,11/25,12,0,9,0.75,0.75,0.75,0,0,,
SACRAMENTO,11/21,172,365,399,2.12,0.20,2.32,86,81,MALL,SHOV
SACRAMENTO,11/24,185,421,444,2.28,0.12,2.40,120,72,SHOV,GADW
SACRAMENTO,11/25,165,353,371,2.14,0.11,2.25,72,65,MALL,AMWI
SAN LUIS,11/21,45,115,115,2.56,,2.56,34,22,GWTL,RNDU
SAN LUIS,11/24,39,67,75,1.72,,1.92,28,15,SHOV,MALL
SAN LUIS,11/25,55,48,51,0.87,,0.93,18,14,GWTL,SHOV
SHASTA VALLEY,11/21,25,74,78,2.96,0.16,3.12,23,15,MALL,RNDU
SHASTA VALLEY,11/24,23,28,28,1.22,,1.22,7,6,GWTL,AMWI
SHASTA VALLEY,11/25,44,22,22,0.50,,0.50,7,5,MALL,PNTL
VOLTA,11/21,18,15,53,0.83,,2.94,6,5,SHOV,MALL
VOLTA,11/24,35,37,60,1.06,,1.71,9,7,MALL,SHOV
VOLTA,11/25,15,2,17,0.13,,1.13,2,0,MALL,
WILLOW CREEK,11/21,0,0,0,,,,9,0,,
WILLOW CREEK,11/24,1,0,0,,,,0,0,,
WILLOW CREEK,11/25,0,0,0,,,,0,0,,
WISTER,11/21,120,166,185,1.38,0.16,1.54,42,36,GWTL,AMWI
WISTER,11/24,215,204,224,0.95,0.09,1.04,55,41,GWTL,PNTL
WISTER,11/25,72,41,60,0.57,0.26,0.83,12,10,GADW,AMWI
YOLO,11/21,96,72,81,0.75,,0.84,22,15,MALL,PNTL
YOLO,11/24,123,116,133,0.94,0.14,1.08,32,24,SHOV,RUDD
YOLO,11/25,96,73,98,0.76,0.26,1.02,22,12,SHOV,RUDD
WEST BEAR CREEK,11/21,25,72,77,2.88,0.20,3.08,46,7,MALL,GADW
WEST BEAR CREEK,11/24,34,55,55,1.62,,1.62,35,8,MALL,WDDU
WEST BEAR CREEK,11/25,25,20,20,0.80,,0.80,16,3,MALL,WDDU
ASH CREEK,11/28,8,12,19,1.50,0.88,2.38,7,2,MALL,AMWI
ASH CREEK,12/1,10,20,25,2.00,0.50,2.50,11,4,MALL,GADW
ASH CREEK,12/2,6,1,1,0.17,,0.17,1,0,PNTL,
BUTTE VALLEY,11/28,5,13,13,2.60,,2.60,6,5,MALL,AMWI
BUTTE VALLEY,12/1,5,1,1,0.20,,0.20,1,0,GWTL,SHOV
BUTTE VALLEY,12/2,5,5,5,1.00,,1.00,2,2,MALL,
FINNEY-RAMER,11/30,5,6,6,1.20,,1.20,4,1,GWTL,CINT
FINNEY-RAMER,12/1,8,10,10,1.25,,1.25,7,2,GWTL,SHOV
FINNEY-RAMER,12/2,3,7,7,2.33,,2.33,5,2,GWTL,SHOV
COLUSA,11/28,54,171,191,3.17,0.37,3.54,67,27,MALL,GADW
COLUSA,12/1,81,293,300,3.62,0.09,3.70,55,53,MALL,SHOV
COLUSA,12/2,67,86,90,1.28,0.06,1.34,21,21,MALL,GWTL
GADWALL (NO.GL),11/28,24,50,50,2.08,,2.08,17,17,GWTL,SHOV
GADWALL (NO.GL),12/1,27,89,89,3.30,,3.30,46,20,GWTL,SHOV
GADWALL (NO.GL),12/2,32,39,45,1.22,0.19,1.41,14,9,GWTL,SHOV
GRAY LODGE,11/28,118,255,276,2.16,0.18,2.34,90,44,MALL,SHOV
GRAY LODGE,12/1,189,361,387,1.91,0.14,2.05,97,90,SHOV,MALL
GRAY LODGE,12/2,132,118,128,0.89,0.08,0.97,25,19,MALL,SHOV
GRIZZLY ISLAND,11/28,93,113,113,1.22,,1.22,50,17,SHOV,MALL
GRIZZLY ISLAND,12/1,133,227,233,1.71,0.05,1.75,73,45,GWTL,SHOV
GRIZZLY ISLAND,12/2,88,77,77,0.88,,0.88,23,17,MALL,GWTL
JOICE ISLAND,12/2,4,19,19,4.75,,4.75,19,0,MALL,
HONEY LAKE-DAKIN,11/28,25,47,63,1.88,0.64,2.52,19,12,MALL,GWTL
HONEY LAKE-DAKIN,12/1,25,43,51,1.72,0.32,2.04,21,5,MALL,AMWI
HONEY LAKE-DAKIN,12/2,15,11,11,0.73,,0.73,7,2,SHOV,GWTL
HONEY LAKE-FLEMING,11/28,24,21,22,0.88,0.04,0.92,12,3,MALL,AMWI
HONEY LAKE-FLEMING,12/1,43,55,63,1.28,0.19,1.47,31,14,MALL,AMWI
HONEY LAKE-FLEMING,12/2,39,8,13,0.21,0.13,0.33,3,3,MALL,SHOV
HOWARD SLOUGH (UBB),11/28,35,76,95,2.17,0.54,2.71,35,10,MALL,AMWI
HOWARD SLOUGH (UBB),12/1,63,117,118,1.86,0.02,1.87,63,20,MALL,AMWI
HOWARD SLOUGH (UBB),12/2,27,30,30,1.11,,1.11,5,5,MALL,AMWI
KESTERSON,11/28,42,83,87,1.98,0.10,2.07,34,15,SHOV,MALL
KESTERSON,12/1,43,86,86,2.00,,2.00,54,15,GWTL,SHOV
KESTERSON,12/2,45,53,56,1.18,0.07,1.24,40,5,GWTL,GADW
LITTLE DRY CR. (UBB),11/28,74,265,292,3.58,0.36,3.95,121,55,MALL,AMWI
LITTLE DRY CR. (UBB),12/1,89,327,338,3.67,0.12,3.80,144,47,MALL,AMWI
LITTLE DRY CR. (UBB),12/2,82,185,196,2.26,0.13,2.39,64,34,MALL,GWTL
LLANO SECO (UBB),11/28,31,108,109,3.48,0.03,3.52,31,26,AMWI,MALL
LLANO SECO (UBB),12/1,34,127,127,3.74,,3.74,42,25,MALL,GADW
LLANO SECO (UBB),12/2,29,67,68,2.31,,2.34,15,15,MALL,SHOV
LOS BANOS,11/28,55,139,142,2.53,0.05,2.58,61,21,MALL,SHOV
LOS BANOS,12/1,119,159,162,1.34,0.03,1.36,72,31,GWTL,MALL
LOS BANOS,12/2,75,83,95,1.11,0.16,1.27,44,11,GWTL,MALL
MENDOTA,11/28,100,253,264,2.53,0.11,2.64,95,45,GWTL,MALL
MENDOTA,12/1,279,581,586,2.08,0.02,2.10,306,65,GWTL,MALL
MENDOTA,12/2,161,125,128,0.78,0.02,0.80,31,24,MALL,GWTL
MERCED,11/28,26,81,86,3.12,0.19,3.31,50,10,MALL,GADW
MERCED,12/1,31,81,83,2.61,0.06,2.68,38,14,MALL,GWTL
NORTH FRIETAS,11/28,5,10,10,2.00,,2.00,7,3,MALL,GWTL
NORTH FRIETAS,12/1,18,76,76,4.22,,4.22,43,26,GWTL,MALL
NORTH FRIETAS,12/2,11,18,18,1.64,,1.64,11,5,GWTL,MALL
SOUTH FRIETAS,11/28,6,10,13,1.67,0.50,2.17,6,3,MALL,AMWI
SOUTH FRIETAS,12/1,13,26,26,2.00,,2.00,15,8,MALL,GWTL
SOUTH FRIETAS,12/2,13,9,9,0.69,,0.69,5,4,GWTL,CINT
SALT SLOUGH (NO.GL),11/28,20,55,55,2.75,,2.75,29,14,MALL,SHOV
SALT SLOUGH (NO.GL),12/1,48,51,51,1.06,,1.06,18,15,GWTL,MALL
SALT SLOUGH (NO.GL),12/2,26,22,22,0.85,,0.85,15,2,GWTL,MALL
SALTON SEA NWR,11/28,7,8,11,1.14,0.43,1.57,5,1,SHOV,GADW
SALTON SEA NWR,12/1,15,47,70,3.13,1.53,4.67,15,13,CINT,GWTL
SALTON SEA NWR,12/2,15,5,34,0.33,1.93,2.27,3,2,SHOV,PNTL
SAN JACINTO,11/28,80,205,208,2.56,0.04,2.60,55,55,SHOV,GWTL
SAN JACINTO,12/1,90,350,363,3.89,0.14,4.03,130,103,GWTL,SHOV
SAN LUIS,11/28,44,67,69,1.52,0.05,1.57,24,15,SHOV,MALL
SAN LUIS,12/1,90,268,270,2.98,0.02,3.00,177,31,GWTL,MALL
SAN LUIS,12/2,54,96,97,1.78,,1.79,73,8,GWTL,SHOV
SHASTA VALLEY,11/28,23,24,24,1.04,,1.04,10,5,GWTL,MALL
SHASTA VALLEY,12/1,21,51,51,2.43,,2.43,16,15,RNDU,MALL
SHASTA VALLEY,12/2,32,16,16,0.50,,0.50,9,3,MALL,RNDU
VOLTA,11/28,10,11,34,1.10,,3.40,9,2,MALL,SHOV
VOLTA,12/1,42,70,94,1.67,,2.24,23,23,MALL,GWTL
VOLTA,12/2,18,14,38,0.78,0.06,2.11,4,4,MALL,GWTL
WILLOW CREEK,11/28,5,11,13,2.20,0.40,2.60,5,5,MALL,AMWI
WILLOW CREEK,12/1,4,6,6,1.50,,1.50,3,2,AMWI,GWTL
WILLOW CREEK,12/2,3,0,1,,0.33,0.33,0,0,,
WISTER,11/28,101,436,475,4.32,0.39,4.70,160,76,AMWI,GADW
WISTER,12/1,167,670,816,4.01,0.87,4.88,204,165,GWTL,AMWI
WISTER,12/2,95,169,213,1.78,0.46,2.24,48,47,AMWI,SHOV
YOLO,11/28,71,136,156,1.92,0.28,2.20,36,30,SHOV,PNTL
YOLO,12/1,93,157,157,1.69,,1.69,37,26,SHOV,GWTL
YOLO,12/2,82,123,136,1.50,0.16,1.66,25,23,RUDD,SHOV
WEST BEAR CREEK,11/28,17,45,45,2.65,,2.65,26,7,MALL,WDDU
WEST BEAR CREEK,12/1,35,96,97,2.74,0.03,2.77,44,29,GWTL,MALL
WEST BEAR CREEK,12/2,20,28,28,1.40,,1.40,17,7,GWTL,MALL
CHINA ISLAND (NO.GL),12/5,11,22,22,2.00,,2.00,10,7,GWTL,MALL
CHINA ISLAND (NO.GL),12/8,43,60,62,1.40,0.05,1.44,26,13,GWTL,MALL
CHINA ISLAND (NO.GL),12/9,25,14,14,0.56,,0.56,5,4,GWTL,CINT
ASH CREEK,12/5,8,11,11,1.38,,1.38,4,2,GWTL,AMWI
ASH CREEK,12/8,8,9,9,1.13,,1.13,5,2,MALL,AMWI
ASH CREEK,12/9,7,6,6,0.86,,0.86,3,3,MALL,AMWI
BUTTE VALLEY,12/5,3,0,0,,,,0,0,,
BUTTE VALLEY,12/8,12,9,10,0.75,,0.83,5,4,GWTL,MALL
BUTTE VALLEY,12/9,,16,16,1.78,,1.78,5,4,GWTL,MALL
FINNEY-RAMER,12/5,1,0,0,,,,0,0,,
FINNEY-RAMER,12/7,2,9,9,4.50,,4.50,4,3,GWTL,CINT
FINNEY-RAMER,12/8,3,10,10,3.33,,3.33,5,4,GWTL,SHOV
FINNEY-RAMER,12/9,1,0,9,,,,0,0,,
COLUSA,12/5,65,158,159,2.43,0.02,2.45,45,40,MALL,GADW
COLUSA,12/8,123,186,189,1.51,0.02,1.54,51,50,MALL,GADW
COLUSA,12/9,56,104,107,1.86,0.05,1.91,31,17,MALL,SHOV
GADWALL (NO.GL),12/5,15,32,32,2.13,,2.13,20,7,GWTL,SHOV
GADWALL (NO.GL),12/8,28,105,108,3.75,0.11,3.86,47,30,GWTL,SHOV
GADWALL (NO.GL),12/9,25,26,26,1.04,,1.04,17,3,GWTL,SHOV
GRAY LODGE,12/5,106,230,239,2.17,0.08,2.25,57,41,MALL,SHOV
GRAY LODGE,12/8,328,294,303,0.90,0.03,0.92,107,55,MALL,SHOV
GRAY LODGE,12/9,159,156,174,0.98,0.11,1.09,48,31,SHOV,MALL
GRIZZLY ISLAND,12/5,91,213,217,2.34,0.04,2.38,94,37,GWTL,SHOV
GRIZZLY ISLAND,12/8,179,1008,1016,5.63,,5.68,797,79,SHOV,GWTL
GRIZZLY ISLAND,12/9,102,61,61,0.60,,0.60,20,15,SHOV,GWTL
JOICE ISLAND,12/9,10,16,16,1.60,,1.60,7,5,MALL,CINT
HONEY LAKE-DAKIN,12/5,26,44,47,1.69,0.12,1.81,24,10,MALL,GWTL
HONEY LAKE-DAKIN,12/8,51,50,66,0.98,0.31,1.29,27,7,MALL,GWTL
HONEY LAKE-DAKIN,12/9,24,28,32,1.17,0.17,1.33,14,5,MALL,PNTL
HONEY LAKE-FLEMING,12/5,38,4,5,0.11,0.03,0.13,2,1,MALL,AMWI
HONEY LAKE-FLEMING,12/8,26,46,48,1.77,0.08,1.85,33,7,MALL,GADW
HONEY LAKE-FLEMING,12/9,22,23,23,1.05,,1.05,15,4,MALL,PNTL
HOWARD SLOUGH (UBB),12/5,33,73,74,2.21,0.03,2.24,29,17,MALL,SHOV
HOWARD SLOUGH (UBB),12/8,69,158,160,2.29,0.03,2.32,65,32,GWTL,MALL
HOWARD SLOUGH (UBB),12/9,51,89,90,1.75,0.02,1.76,26,17,MALL,GWTL
KERN,12/5,79,201,202,2.54,,2.56,65,46,SHOV,GADW
KERN,12/8,113,260,260,2.30,,2.30,74,48,SHOV,GWTL
KERN,12/9,0,0,0,,,,0,0,,
KESTERSON,12/5,41,77,83,1.88,,2.02,49,9,GWTL,SHOV
KESTERSON,12/8,57,116,117,2.04,,2.05,64,23,GWTL,SHOV
KESTERSON,12/9,52,49,50,0.94,,0.96,17,8,GWTL,MALL
LITTLE DRY CR. (UBB),12/5,74,226,231,3.05,0.07,3.12,99,29,MALL,AMWI
LITTLE DRY CR. (UBB),12/8,107,290,295,2.71,0.05,2.76,104,58,MALL,GWTL
LITTLE DRY CR. (UBB),12/9,71,180,183,2.54,0.04,2.58,75,24,MALL,AMWI
LLANO SECO (UBB),12/5,34,44,44,1.29,,1.29,13,12,MALL,AMW
LLANO SECO (UBB),12/8,77,161,166,2.09,0.06,2.16,58,36,GWTL,MALL
LLANO SECO (UBB),12/9,46,119,121,2.59,,2.63,43,20,MALL,AMWI
LOS BANOS,12/5,56,111,117,1.98,0.11,2.09,42,34,MALL,GWTL
LOS BANOS,12/8,139,204,207,1.47,0.02,1.49,57,57,MALL,GWTL
LOS BANOS,12/9,107,89,95,0.83,0.06,0.89,34,21,GWTL,MALL
MENDOTA,12/5,127,158,161,1.24,0.02,1.27,34,31,GWTL,SHOV
MENDOTA,12/8,296,414,414,1.40,,1.40,137,85,GWTL,MALL
MENDOTA,12/9,139,90,93,0.65,,0.67,21,16,MALL,GWTL
MERCED,12/5,25,59,61,2.36,0.08,2.44,16,15,MALL,GWTL
MERCED,12/8,32,76,76,2.38,,2.38,29,11,MALL,SHOV
NORTH FRIETAS,12/5,16,56,56,3.50,,3.50,43,13,GWTL,MALL
NORTH FRIETAS,12/8,29,79,79,2.72,,2.72,53,21,GWTL,MALL
NORTH FRIETAS,12/9,11,20,20,1.82,,1.82,13,5,GWTL,MALL
SOUTH FRIETAS,12/5,6,5,5,0.83,,0.83,3,2,GWTL,MALL
SOUTH FRIETAS,12/8,13,45,45,3.46,,3.46,26,12,GWTL,MALL
SOUTH FRIETAS,12/9,10,27,27,2.70,,2.70,22,4,GWTL,MALL
SALT SLOUGH (NO.GL),12/5,20,42,42,2.10,,2.10,12,12,MALL,GWTL
SALT SLOUGH (NO.GL),12/8,74,88,88,1.19,,1.19,50,17,MALL,GWTL
SALT SLOUGH (NO.GL),12/9,46,51,51,1.11,,1.11,20,15,MALL,GWTL
SACRAMENTO,12/5,98,166,176,1.69,0.10,1.80,48,41,MALL,SHOV
SACRAMENTO,12/8,155,142,179,0.92,0.24,1.15,35,30,SHOV,MALL
SACRAMENTO,12/9,190,254,305,1.34,0.11,1.61,53,47,SHOV,MALL
SAN LUIS,12/5,37,135,135,3.65,,3.65,100,15,GWTL,MALL
SAN LUIS,12/8,122,289,291,2.37,,2.39,199,29,GWTL,MALL
SAN LUIS,12/9,72,134,135,1.86,,1.88,75,33,GWTL,MALL
SHASTA VALLEY,12/5,13,38,38,2.92,,2.92,25,4,MALL,GWTL
SHASTA VALLEY,12/8,31,53,58,1.71,0.16,1.87,33,5,MALL,AMWI
SHASTA VALLEY,12/9,27,15,34,0.56,0.11,1.26,4,2,MALL,AMWI
SUTTER,12/5,54,91,91,1.69,,1.69,35,15,MALL,AMWI
SUTTER,12/8,97,75,93,0.77,0.19,0.96,22,15,MALL,AMWI
SUTTER,12/9,78,107,108,1.37,0.01,1.38,31,23,MALL,SHOV
VOLTA,12/5,31,36,103,1.16,,3.32,11,8,GWTL,MALL
VOLTA,12/8,50,112,161,2.24,0.06,3.22,41,26,GWTL,MALL
VOLTA,12/9,18,10,55,0.56,,3.06,5,2,CINT,GWTL
WILLOW CREEK,12/5,5,8,8,1.60,,1.60,3,3,MALL,AMWI
WILLOW CREEK,12/8,4,10,10,2.50,,2.50,6,2,MALL,AMWI
WILLOW CREEK,12/9,4,12,12,3.00,,3.00,5,5,MALL,GADW
WISTER,12/5,79,375,401,4.75,0.33,5.08,91,89,GWTL,AMWI
WISTER,12/8,230,747,783,3.25,0.16,3.40,261,150,GWTL,AMWI
WISTER,12/9,134,178,206,1.33,0.21,1.54,46,43,GWTL,SHOV
YOLO,12/5,97,121,125,1.25,0.04,1.29,34,21,RUDD,SHOV
YOLO,12/8,125,205,213,1.64,0.03,1.70,47,42,GWTL,RUDD
YOLO,12/9,101,62,65,0.61,0.03,0.64,12,9,GWTL,BUFH
WEST BEAR CREEK,12/5,15,68,69,4.53,0.07,4.60,53,6,GWTL,MALL
WEST BEAR CREEK,12/8,36,63,66,1.75,,1.83,25,17,GWTL,MALL
WEST BEAR CREEK,12/9,25,61,62,2.44,0.04,2.48,26,19,MALL,GWTL
CHINA ISLAND (NO.GL),12/12,19,41,41,2.16,,2.16,11,10,GWTL,MALL
CHINA ISLAND (NO.GL),12/15,45,32,35,0.71,,0.78,11,6,MALL,GWTL
CHINA ISLAND (NO.GL),12/16,15,11,11,0.73,,0.73,5,5,MALL,GWTL
ASH CREEK,12/12,7,9,12,1.29,0.43,1.71,4,3,AMWI,MALL
ASH CREEK,12/15,15,10,14,0.67,0.27,0.93,6,2,MALL,GWTL
ASH CREEK,12/16,7,3,5,0.43,0.29,0.71,2,1,PNTL,AMWI
DELEVAN,12/12,154,392,404,2.55,0.08,2.62,111,95,GADW,SHOV
DELEVAN,12/15,120,406,416,3.38,0.08,3.47,119,103,GADW,SHOV
DELEVAN,12/16,148,265,276,1.79,0.04,1.86,74,51,SHOV,GADW
BUTTE VALLEY,12/12,22,19,32,0.86,0.59,1.45,11,4,MALL,PNTL
BUTTE VALLEY,12/15,26,36,58,1.38,0.85,2.23,13,12,MALL,PNTL
BUTTE VALLEY,12/16,3,2,2,0.67,,0.67,1,1,MALL,PNTL
FINNEY-RAMER,12/12,1,3,3,3.00,,3.00,3,0,GWTL,
FINNEY-RAMER,12/14,5,7,7,1.40,,1.40,3,2,GWTL,CINT
FINNEY-RAMER,12/15,5,9,9,1.80,,1.80,5,4,GWTL,SHOV
FINNEY-RAMER,12/16,2,4,4,2.00,,2.00,3,1,GWTL,SHOV
COLUSA,12/12,63,124,125,1.97,0.03,1.98,52,21,GADW,SHOV
COLUSA,12/15,92,263,265,2.86,0.02,2.88,83,50,GADW,GWTL
COLUSA,12/16,70,92,95,1.31,0.04,1.36,33,18,GADW,GWTL
GADWALL (NO.GL),12/12,32,92,92,2.88,,2.88,42,14,GWTL,SHOV
GADWALL (NO.GL),12/15,27,118,118,4.37,,4.37,80,13,GWTL,SHOV
GADWALL (NO.GL),12/16,31,46,46,1.48,,1.48,35,4,GWTL,SHOV
GOLD HILLS,12/12,4,0,0,,,,0,0,,
GOLD HILLS,12/15,0,0,0,,,,0,0,,
GOLD HILLS,12/16,0,0,0,,,,0,0,,
GOODYEAR SLOUGH,12/12,3,0,0,,,,0,0,,
GOODYEAR SLOUGH,12/15,3,6,6,2.00,,2.00,3,2,GWTL,AMWI
GOODYEAR SLOUGH,12/16,3,0,0,,,,0,0,,
GRAY LODGE,12/12,141,195,211,1.38,0.04,1.50,47,40,MALL,SHOV
GRAY LODGE,12/15,243,327,367,1.35,0.02,1.51,98,69,MALL,AMWI
GRAY LODGE,12/16,137,188,219,1.37,0.15,1.60,35,32,SHOV,AMWI
GRIZZLY ISLAND,12/12,101,174,175,1.72,0.02,1.73,38,37,SHOV,GWTL
GRIZZLY ISLAND,12/15,181,232,232,1.28,,1.28,69,56,GWTL,AMWI
GRIZZLY ISLAND,12/16,66,50,50,0.76,,0.76,16,12,AMWI,PNTL
JOICE ISLAND,12/16,5,4,5,0.80,0.20,1.00,3,1,MALL,CINT
HONEY LAKE-DAKIN,12/12,30,35,58,1.17,0.77,1.93,26,4,MALL,AMWI
HONEY LAKE-DAKIN,12/15,42,96,121,2.29,0.60,2.88,30,22,AMWI,MALL
HONEY LAKE-DAKIN,12/16,16,16,22,1.00,0.38,1.38,8,5,MALL,PNTL
HONEY LAKE-FLEMING,12/12,35,52,57,1.49,0.14,1.63,31,9,MALL,PNTL
HONEY LAKE-FLEMING,12/15,33,56,66,1.70,0.30,2.00,33,15,MALL,PNTL
HONEY LAKE-FLEMING,12/16,15,8,15,0.53,0.47,1.00,5,2,MALL,PNTL
HOWARD SLOUGH (UBB),12/12,50,113,113,2.26,,2.26,38,26,MALL,AMWI
HOWARD SLOUGH (UBB),12/15,70,115,125,1.64,0.14,1.79,44,30,MALL,AMWI
HOWARD SLOUGH (UBB),12/16,34,34,35,1.00,,1.03,8,7,SHOV,AMWI
KERN,12/12,95,243,267,2.56,,2.81,51,46,SHOV,GADW
KERN,12/15,148,398,398,2.69,,2.69,111,86,SHOV,GADW
ISLAND SLOUGH,12/12,10,10,10,1.00,,1.00,2,2,GWTL,CANV
ISLAND SLOUGH,12/15,15,8,10,0.53,0.07,0.67,3,2,SHOV,MALL
ISLAND SLOUGH,12/16,10,12,13,1.20,,1.30,5,2,RUDD,MALL
KESTERSON,12/12,55,135,135,2.45,,2.45,75,17,GWTL,SHOV
KESTERSON,12/15,72,92,92,1.28,,1.28,27,15,GWTL,MALL
KESTERSON,12/16,47,15,18,0.32,,0.38,7,3,GWTL,MALL
LITTLE DRY CR. (UBB),12/12,78,226,229,2.90,0.04,2.94,95,30,MALL,GWTL
LITTLE DRY CR. (UBB),12/15,86,214,215,2.49,0.01,2.50,75,50,MALL,AMWI
LITTLE DRY CR. (UBB),12/16,78,208,209,2.67,0.01,2.68,58,54,MALL,AMWI
LLANO SECO (UBB),12/12,55,94,95,1.71,0.02,1.73,45,13,GWTL,AMWI
LLANO SECO (UBB),12/15,65,148,148,2.28,,2.28,48,46,MALL,AMWI
LLANO SECO (UBB),12/16,23,53,54,2.30,,2.35,15,13,MALL,AMWI
LOS BANOS,12/12,68,148,148,2.18,,2.18,68,23,GWTL,MALL
LOS BANOS,12/15,149,339,345,2.28,0.04,2.32,126,65,GWTL,MALL
LOS BANOS,12/16,84,52,54,0.62,0.02,0.64,17,15,GWTL,MALL
MENDOTA,12/12,157,263,267,1.68,,1.70,121,41,GWTL,MALL
MENDOTA,12/15,317,387,391,1.22,0.01,1.23,149,57,GWTL,SHOV
MENDOTA,12/16,135,94,95,0.70,0.01,0.70,26,25,GWTL,MALL
MERCED,12/12,25,49,51,1.96,0.08,2.04,13,12,GWTL,SHOV
MERCED,12/15,32,56,69,1.75,0.41,2.16,19,15,MALL,GWTL
NORTH FRIETAS,12/12,15,46,46,3.07,,3.07,22,17,MALL,GWTL
NORTH FRIETAS,12/15,20,19,19,0.95,,0.95,15,2,MALL,WDDU
NORTH FRIETAS,12/16,11,15,15,1.36,,1.36,7,7,MALL,GWTL
SOUTH FRIETAS,12/12,13,39,39,3.00,,3.00,20,18,MALL,GWTL
SOUTH FRIETAS,12/15,26,29,29,1.12,,1.12,17,7,GWTL,MALL
SOUTH FRIETAS,12/16,13,25,25,1.92,,1.92,11,6,MALL,GWTL
SALT SLOUGH (NO.GL),12/12,38,82,82,2.16,,2.16,45,24,GWTL,MALL
SALT SLOUGH (NO.GL),12/15,65,108,109,1.66,0.02,1.68,42,36,GWTL,MALL
SALT SLOUGH (NO.GL),12/16,34,37,37,1.09,,1.09,13,12,MALL,GWTL
SALTON SEA NWR,12/12,2,5,5,2.50,,2.50,2,2,GWTL,SHOV
SALTON SEA NWR,12/15,20,35,37,1.75,0.10,1.85,20,6,SHOV,GADW
SALTON SEA NWR,12/16,5,2,5,0.40,0.60,1.00,2,0,MALL,
SACRAMENTO,12/12,125,385,393,3.08,0.06,3.14,113,65,GADW,SHOV
SACRAMENTO,12/15,186,455,1384,2.45,0.11,2.55,181,88,GADW,MALL
SACRAMENTO,12/16,148,172,179,1.16,0.05,1.21,34,34,GADW,SHOV
SAN JACINTO,12/12,85,150,151,1.76,,1.78,78,23,SHOV,GWTL
SAN JACINTO,12/15,111,185,188,1.67,,1.69,79,38,SHOV,GWTL
SAN LUIS,12/12,74,220,220,2.97,,2.97,144,30,GWTL,MALL
SAN LUIS,12/15,105,216,219,2.06,,2.09,109,50,GWTL,MALL
SAN LUIS,12/16,68,104,105,1.53,,1.54,79,9,GWTL,AMWI
SHASTA VALLEY,12/12,25,65,65,2.60,0.04,2.64,32,8,MALL,GWTL
SHASTA VALLEY,12/15,24,85,90,3.54,0.21,3.75,27,17,MALL,RNDU
SHASTA VALLEY,12/16,29,14,15,0.48,0.03,0.52,6,3,RNDU,MALL
SUTTER,12/12,81,87,88,1.07,0.01,1.09,22,15,GWTL,MALL
SUTTER,12/15,79,185,185,2.34,,2.34,57,43,GWTL,AMWI
SUTTER,12/16,66,71,73,1.08,0.03,1.11,23,15,GWTL,AMWI
VOLTA,12/12,24,53,98,2.21,,4.08,16,16,GWTL,SHOV
VOLTA,12/15,55,74,125,1.35,,2.27,21,19,SHOV,MALL
VOLTA,12/16,11,7,7,0.64,,0.64,4,2,GWTL,AMWI
WILLOW CREEK,12/12,1,5,5,5.00,,5.00,2,2,MALL,SHOV
WILLOW CREEK,12/15,5,24,25,4.80,0.20,5.00,8,5,SHOV,AMWI
WILLOW CREEK,12/16,5,14,15,2.80,0.20,3.00,6,3,MALL,AMWI
WISTER,12/12,108,361,398,3.34,0.34,3.69,89,79,GWTL,SHOV
WISTER,12/15,245,622,659,2.54,0.15,2.69,228,141,GWTL,SHOV
WISTER,12/16,114,131,151,1.15,0.18,1.32,45,23,GWTL,SHOV
YOLO,12/12,101,112,121,1.11,,1.20,36,24,BUFH,GWTL
YOLO,12/15,112,147,155,1.31,0.04,1.38,55,21,GWTL,SHOV
YOLO,12/16,75,69,72,0.92,,0.96,23,13,GWTL,PNTL
WEST BEAR CREEK,12/12,32,63,63,1.97,,1.97,22,16,GWTL,MALL
WEST BEAR CREEK,12/15,38,36,38,0.95,,1.00,15,13,GWTL,MALL
WEST BEAR CREEK,12/16,19,37,37,1.95,,1.95,30,4,GWTL,MALL
WEST FAMILY JR UNIT,12/12,0,0,0,,,,0,0,,
WEST FAMILY JR UNIT,12/15,1,0,0,,,,0,0,,
WEST FAMILY JR UNIT,12/16,0,0,0,,,,0,0,,
DELEVAN,12/19,140,489,514,3.49,0.18,3.67,197,112,GADW,SHOV
DELEVAN,12/22,165,403,420,2.44,0.10,2.55,127,106,GADW,SHOV
DELEVAN,12/23,108,154,170,1.43,0.15,1.57,35,35,AMWI,SHOV
BUTTE VALLEY,12/19,6,1,2,0.17,0.17,0.33,1,0,AMWI,
BUTTE VALLEY,12/22,7,0,7,0.33,1.00,1.00,0,0,MALL,
BUTTE VALLEY,12/23,3,1,3,1.00,0.67,1.00,1,0,,
FINNEY-RAMER,12/19,,1,1,0.50,,0.50,1,0,GWTL,
FINNEY-RAMER,12/20,1,0,0,,,,0,0,,
FINNEY-RAMER,12/21,5,7,7,1.40,,1.40,4,2,GWTL,SHOV
FINNEY-RAMER,12/22,6,7,7,1.17,,1.17,5,2,GWTL,SHOV
FINNEY-RAMER,12/23,5,5,5,1.00,,1.00,3,2,GWTL,SHOV
COLUSA,12/19,81,303,306,3.74,0.04,3.78,148,45,GADW,GWTL
COLUSA,12/22,102,197,198,1.93,0.01,1.94,79,42,GADW,GWTL
COLUSA,12/23,32,90,92,2.81,0.06,2.88,37,21,GWTL,GADW
GADWALL (NO.GL),12/19,33,142,142,4.30,,4.30,94,16,GWTL,GADW
GADWALL (NO.GL),12/22,35,105,105,3.00,,3.00,50,30,GWTL,SHOV
GADWALL (NO.GL),12/23,14,57,57,4.07,,4.07,39,12,GWTL,SHOV
GRAY LODGE,12/19,136,283,328,2.08,0.33,2.41,83,55,MALL,SHOV
GRAY LODGE,12/22,211,377,402,1.79,0.04,1.91,114,71,MALL,AMWI
GRAY LODGE,12/23,96,178,215,1.85,0.16,2.24,39,29,MALL,AMWI
GRIZZLY ISLAND,12/19,114,197,211,1.73,0.05,1.85,52,49,AMWI,GWTL
GRIZZLY ISLAND,12/22,154,260,262,1.69,0.01,1.70,61,53,SHOV,AMWI
GRIZZLY ISLAND,12/23,50,52,52,1.04,,1.04,16,9,MALL,SHOV
JOICE ISLAND,12/23,8,,19,19,2.38,,2.38,14,5,MALL,GADW
HONEY LAKE-DAKIN,12/19,25,7,13,0.28,0.24,0.52,4,2,MALL,SHOV
HONEY LAKE-DAKIN,12/22,26,5,11,0.19,0.23,0.42,4,2,MALL,PNTL
HONEY LAKE-DAKIN,12/23,10,10,17,1.00,0.70,1.70,5,2,MALL,GADW
HONEY LAKE-FLEMING,12/19,19,7,7,0.37,,0.37,5,2,PNTL,MALL
HONEY LAKE-FLEMING,12/22,28,10,17,0.36,0.25,0.61,4,3,MALL,WDDU
HONEY LAKE-FLEMING,12/23,13,4,4,0.31,,0.31,2,1,PNTL,MALL
HOWARD SLOUGH (UBB),12/19,54,84,86,1.56,0.04,1.59,30,14,MALL,PNTL
HOWARD SLOUGH (UBB),12/22,52,108,108,2.08,,2.08,37,18,MALL,AMWI
HOWARD SLOUGH (UBB),12/23,25,39,39,1.56,,1.56,12,9,WDDU,MALL
KESTERSON,12/19,41,72,72,1.76,,1.76,27,23,GWTL,SHOV
KESTERSON,12/22,63,90,95,1.43,0.08,1.51,35,23,GWTL,SHOV
KESTERSON,12/23,34,74,75,2.18,0.03,2.21,29,26,GWTL,MALL
LITTLE DRY CR. (UBB),12/19,82,223,227,2.72,0.05,2.77,95,38,MALL,AMWI
LITTLE DRY CR. (UBB),12/22,92,201,202,2.18,0.01,2.20,61,34,MALL,AMWI
LITTLE DRY CR. (UBB),12/23,60,103,104,1.72,0.02,1.73,29,20,AMWI,GADW
LLANO SECO (UBB),12/19,35,72,73,2.06,,2.09,38,13,MALL,GADW
LLANO SECO (UBB),12/22,47,62,65,1.32,,1.38,25,9,MALL,AMWI
LLANO SECO (UBB),12/23,25,37,37,1.48,,1.48,14,8,AMWI,MALL
LOS BANOS,12/19,94,209,213,2.22,0.04,2.27,69,48,GWTL,SHOV
LOS BANOS,12/22,141,231,235,1.64,0.01,1.67,60,50,GWTL,RNDU
LOS BANOS,12/23,47,112,113,2.38,0.02,2.40,41,22,GWTL,MALL
MENDOTA,12/19,180,315,319,1.75,0.01,1.77,137,61,GWTL,SHOV
MENDOTA,12/22,282,448,454,1.59,0.01,1.61,209,97,GWTL,SHOV
MENDOTA,12/23,72,153,160,2.13,0.01,2.22,66,32,GWTL,MALL
MERCED,12/19,33,114,125,3.45,0.33,3.79,38,25,GWTL,SHOV
MERCED,12/22,30,82,90,2.73,0.27,3.00,25,23,SHOV,GWTL
NORTH FRIETAS,12/19,19,15,15,0.79,,0.79,10,3,GWTL,MALL
NORTH FRIETAS,12/22,19,36,37,1.89,0.05,1.95,27,4,MALL,GWTL
NORTH FRIETAS,12/23,0,0,0,,,,0,0,,
SOUTH FRIETAS,12/19,8,14,14,1.75,,1.75,10,2,MALL,AMWI
SOUTH FRIETAS,12/22,18,53,54,2.94,0.06,3.00,30,15,GWTL,MALL
SOUTH FRIETAS,12/23,13,54,56,4.15,0.15,4.31,32,15,GWTL,MALL
SALT SLOUGH (NO.GL),12/19,48,66,66,1.38,,1.38,23,21,GWTL,MALL
SALT SLOUGH (NO.GL),12/22,49,77,81,1.57,0.02,1.65,21,19,SHOV,MALL
SALT SLOUGH (NO.GL),12/23,23,68,69,2.96,,3.00,25,24,MALL,GWTL
SALTON SEA NWR,12/19,6,13,20,2.17,1.17,3.33,5,2,GWTL,PNTL
SALTON SEA NWR,12/22,9,8,16,0.89,0.89,1.78,2,2,PNTL,GWTL
SALTON SEA NWR,12/23,7,2,5,0.29,0.43,0.71,1,1,MALL,SHOV
SACRAMENTO,12/19,115,282,298,2.45,0.14,2.59,106,53,GADW,SHOV
SACRAMENTO,12/22,198,278,316,1.40,0.16,1.60,76,70,GADW,SHOV
SACRAMENTO,12/23,98,85,90,0.87,0.05,0.92,19,18,SHOV,GADW
SAN JACINTO,12/19,92,82,84,0.89,0.02,0.91,39,15,SHOV,GWTL
SAN JACINTO,12/22,116,174,179,1.50,0.02,1.54,101,29,SHOV,GWTL
SAN LUIS,12/19,75,90,92,1.20,,-,1.23,48,17,GWTL,MALL
SAN LUIS,12/22,82,196,198,2.39,0.02,2.41,88,44,GWTL,MALL
SAN LUIS,12/23,25,95,95,3.80,,3.80,47,28,GWTL,MALL
SHASTA VALLEY,12/19,12,30,31,2.50,0.08,2.58,9,7,BUFH,MALL
SHASTA VALLEY,12/22,23,35,35,1.52,,1.52,15,11,MALL,RNDU
SHASTA VALLEY,12/23,17,1,2,0.06,,0.12,1,0,RNDU,
VOLTA,12/19,23,88,88,3.83,,3.83,25,16,SHOV,MALL
VOLTA,12/22,60,127,169,2.12,,2.82,38,33,GWTL,SHOV
VOLTA,12/23,15,33,87,2.20,,5.80,12,10,SHOV,MALL
WISTER,12/19,137,341,382,2.49,0.30,2.79,109,75,GWTL,SHOV
WISTER,12/22,198,440,503,2.22,0.18,2.54,173,84,GWTL,SHOV
WISTER,12/23,28,33,35,1.18,0.07,1.25,14,8,SHOV,GWTL
YOLO,12/19,22,6,6,0.27,,0.27,4,1,GWTL,MALL
YOLO,12/22,31,38,45,1.23,0.06,1.45,16,13,GWTL,MALL
YOLO,12/23,5,5,6,1.00,0.20,1.20,2,2,MALL,GWTL
ASH CREEK,1/2,5,1,1,0.20,,0.20,1,0,AMWI,
ASH CREEK,1/5,10,0,2,,0.20,0.20,0,0,,
ASH CREEK,1/6,7,3,14,0.43,1.57,2.00,2,1,MALL,AMWI
DELEVAN,1/2,156,622,742,3.99,0.77,4.76,229,116,MALL,GWTL
DELEVAN,1/5,172,587,622,3.41,0.20,3.62,175,145,GADW,SHOV
DELEVAN,1/6,127,230,252,1.81,0.17,1.98,71,64,SHOV,GADW
BUTTE VALLEY,1/2,21,0,13,,0.62,0.62,0,0,,
BUTTE VALLEY,1/5,37,0,45,,1.22,1.22,0,0,,
BUTTE VALLEY,1/6,19,0,5,,0.26,0.26,0,0,,
FINNEY-RAMER,1/2,1,4,4,4.00,,4.00,3,1,GWTL,SHOV
FINNEY-RAMER,1/3,1,3,3,3.00,,3.00,2,1,GWTL,SHOV
FINNEY-RAMER,1/4,3,3,3,1.00,,1.00,3,0,GWTL,
FINNEY-RAMER,1/5,5,7,7,1.40,,1.40,4,3,GWTL,SHOV
FINNEY-RAMER,1/6,5,6,6,1.20,,1.20,4,2,GWTL,SHOV
COLUSA,1/2,75,205,275,2.73,0.93,3.67,52,41,MALL,GWTL
COLUSA,1/5,94,301,314,3.20,0.14,3.34,135,51,GADW,GWTL
COLUSA,1/6,85,214,230,2.52,0.19,2.71,58,41,GADW,GWTL
GADWALL (NO.GL),1/2,31,88,88,2.84,,2.84,63,12,GWTL,SHOV
GADWALL (NO.GL),1/5,37,145,145,3.92,,3.92,94,24,GWTL,SHOV
GADWALL (NO.GL),1/6,27,68,68,2.52,,2.52,44,11,GWTL,SHOV
GOLD HILLS,1/2,0,0,0,,,,0,0,,
GOLD HILLS,1/5,5,2,2,0.40,,0.40,1,1,GWTL,SHOV
GOLD HILLS,1/6,5,0,0,,,,0,0,,
GOODYEAR SLOUGH,1/2,4,4,4,1.00,,1.00,3,1,PNTL,MALL
GOODYEAR SLOUGH,1/5,5,10,10,2.00,,2.00,4,2,PNTL,GWTL
GOODYEAR SLOUGH,1/6,5,0,0,,,,0,0,,
GRAY LODGE,1/2,166,481,537,2.90,0.14,3.23,99,76,MALL,GWTL
GRAY LODGE,1/5,275,485,530,1.76,0.10,1.93,103,99,GADW,MALL
GRAY LODGE,1/6,136,193,219,1.42,0.19,1.61,33,31,MALL,AMWI
GRIZZLY ISLAND,1/2,88,291,296,3.31,0.02,3.36,114,85,GWTL,AMWI
GRIZZLY ISLAND,1/5,172,416,425,2.42,0.01,2.47,172,170,GWTL,AMWI
GRIZZLY ISLAND,1/6,78,75,82,0.96,0.09,1.05,31,21,GWTL,AMWI
JOICE ISLAND,1/6,6,17,17,2.83,,2.83,9,5,MALL,GWTL
HONEY LAKE-DAKIN,1/2,16,11,17,0.69,0.38,1.06,5,3,MALL,GWTL
HONEY LAKE-DAKIN,1/5,31,20,28,0.65,0.26,0.90,7,3,MALL,AMWI
HONEY LAKE-DAKIN,1/6,15,2,3,0.13,0.07,0.20,1,1,PNTL,REDH
HONEY LAKE-FLEMING,1/2,9,4,11,0.44,0.78,1.22,2,1,MALL,GADW
HONEY LAKE-FLEMING,1/5,23,1,14,0.04,0.57,0.61,1,9,SHOV,
HONEY LAKE-FLEMING,1/6,18,9,0,,0.50,0.50,9,0,,
HOWARD SLOUGH (UBB),1/2,53,197,200,3.72,0.06,3.77,48,47,MALL,GWTL
HOWARD SLOUGH (UBB),1/5,74,107,118,1.45,0.15,1.59,30,27,MALL,SHOV
HOWARD SLOUGH (UBB),1/6,24,30,31,1.25,0.04,1.29,10,7,MALL,GADW
KERN,1/2,123,299,299,2.43,,2.43,110,48,SHOV,GADW
KERN,1/5,153,353,353,2.31,,2.31,175,41,SHOV,CINT
ISLAND SLOUGH,1/2,15,37,37,2.47,,2.47,10,7,GWTL,MALL
ISLAND SLOUGH,1/5,15,17,21,1.13,0.27,1.40,12,4,GWTL,SHOV
ISLAND SLOUGH,1/6,15,3,3,0.20,,0.20,2,1,GWTL,SHOV
KESTERSON,1/2,48,111,115,2.31,0.08,2.40,56,23,GWTL,SHOV
KESTERSON,1/5,66,147,152,2.23,0.08,2.30,61,35,GWTL,SHOV
KESTERSON,1/6,63,55,57,0.87,0.02,0.89,26,18,SHOV,GWTL
LITTLE DRY CR. (UBB),1/2,79,311,329,3.94,0.23,4.16,86,62,MALL,AMWI
LITTLE DRY CR. (UBB),1/5,100,313,339,3.13,0.26,3.39,96,83,MALL,GADW
LITTLE DRY CR. (UBB),1/6,84,155,184,1.85,0.35,2.19,46,30,MALL,GADW
LLANO SECO (UBB),1/2,32,130,132,4.06,0.06,4.13,54,21,GWTL,MALL
LLANO SECO (UBB),1/5,40,41,43,1.03,0.05,1.08,11,10,GADW,MALL
LLANO SECO (UBB),1/6,24,15,15,0.63,,0.63,8,2,MALL,SHOV
LOS BANOS,1/2,77,174,181,2.26,0.08,2.35,67,24,GWTL,MALL
LOS BANOS,1/5,145,365,372,2.52,0.01,2.57,123,104,GWTL,SHOV
LOS BANOS,1/6,92,116,117,1.26,0.01,1.27,48,28,GWTL,SHOV
MENDOTA,1/2,175,471,471,2.69,,2.69,282,68,GWTL,SHOV
MENDOTA,1/5,356,797,804,2.24,0.01,2.26,323,169,GWTL,SHOV
MENDOTA,1/6,141,187,189,1.33,,1.34,76,31,GWTL,PNTL
MERCED,1/2,25,65,75,2.60,0.40,3.00,20,14,GWTL,MALL
MERCED,1/5,37,67,71,1.81,0.11,1.92,19,15,MALL,SHOV
NORTH FRIETAS,1/2,9,36,40,4.00,0.44,4.44,27,7,MALL,GWTL
NORTH FRIETAS,1/5,19,61,61,3.21,,3.21,46,13,GWTL,MALL
NORTH FRIETAS,1/6,14,16,16,1.14,,1.14,14,2,GWTL,AMWI
SOUTH FRIETAS,1/2,15,68,79,4.53,0.73,5.27,37,26,GWTL,MALL
SOUTH FRIETAS,1/5,29,74,74,2.55,,2.55,57,5,GWTL,AMWI
SOUTH FRIETAS,1/6,13,30,30,2.31,,2.31,21,5,GWTL,MALL
SALT SLOUGH (NO.GL),1/2,33,74,74,2.24,,2.24,46,12,GWTL,SHOV
SALT SLOUGH (NO.GL),1/5,61,157,157,2.57,,2.57,50,44,SHOV,GWTL
SALT SLOUGH (NO.GL),1/6,32,60,60,1.88,,1.88,34,10,GWTL,MALL
SALTON SEA NWR,1/2,7,10,13,1.43,0.43,1.86,3,3,GWTL,SHOV
SALTON SEA NWR,1/5,26,45,47,1.73,0.08,1.81,28,10,SHOV,GWTL
SALTON SEA NWR,1/6,8,4,5,0.50,0.13,0.63,4,0,SHOV,
SACRAMENTO,1/2,160,505,605,3.16,0.63,3.78,206,93,MALL,GADW
SACRAMENTO,1/5,194,417,437,2.15,0.10,2.25,105,101,SHOV,GADW
SACRAMENTO,1/6,137,136,154,0.99,0.13,1.12,34,31,SHOV,MALL
SAN JACINTO,1/2,95,100,105,1.05,0.03,1.11,54,18,SHOV,GADW
SAN JACINTO,1/5,124,83,85,0.67,0.02,0.69,34,19,SHOV,GADW
SAN LUIS,1/2,55,188,191,3.42,0.02,3.47,97,34,GWTL,MALL
SAN LUIS,1/5,119,265,267,2.23,,2.24,151,53,GWTL,SHOV
SAN LUIS,1/6,69,115,119,1.67,,1.72,77,17,GWTL,SHOV
SHASTA VALLEY,1/2,23,40,40,1.74,,1.74,18,7,MALL,RNDU
SHASTA VALLEY,1/5,15,9,9,0.60,,0.60,4,3,MALL,GWTL
SHASTA VALLEY,1/6,12,5,5,0.42,,0.42,2,1,GADW,MALL
SUTTER,1/2,83,154,179,1.86,0.30,2.16,49,41,MALL,GWTL
SUTTER,1/5,83,304,354,3.66,0.60,4.27,87,73,GWTL,AMWI
SUTTER,1/6,95,172,187,1.81,0.16,1.97,55,52,GWTL,AMWI
VOLTA,1/2,37,95,95,2.57,,2.57,38,26,GWTL,SHOV
VOLTA,1/5,79,270,271,3.42,0.01,3.43,112,46,GWTL,MALL
VOLTA,1/6,40,55,55,1.38,,1.38,25,10,MALL,GADW
WILLOW CREEK,1/2,2,2,3,1.00,0.50,1.50,2,0,AMWI,
WILLOW CREEK,1/5,1,3,3,3.00,,3.00,3,0,GADW,
WILLOW CREEK,1/6,4,1,1,0.25,,0.25,1,0,GADW,
WISTER,1/2,125,153,184,1.22,0.17,1.47,58,38,GWTL,SHOV
WISTER,1/5,245,512,563,2.09,0.21,2.30,221,142,GWTL,SHOV
WISTER,1/6,91,90,100,0.99,0.11,1.10,30,24,SHOV,GWTL
YOLO,1/2,75,151,155,2.01,0.05,2.07,70,20,GWTL,BUFH
YOLO,1/5,115,258,261,2.24,0.03,2.27,88,84,SHOV,GWTL
YOLO,1/6,76,127,129,1.67,0.03,1.70,55,31,GWTL,SHOV
WEST BEAR CREEK,1/2,21,60,62,2.86,0.10,2.95,21,15,GWTL,SHOV
WEST BEAR CREEK,1/5,35,85,85,2.43,,2.43,46,16,GWTL,SHOV
WEST BEAR CREEK,1/6,23,14,14,0.61,,0.61,5,3,MALL,GWTL
WEST FAMILY JR UNIT,1/2,4,5,5,1.25,,1.25,2,2,CINT,BUFH
WEST FAMILY JR UNIT,1/5,4,6,7,1.50,,1.75,2,2,GADW,BUFH
WEST FAMILY JR UNIT,1/6,4,8,8,2.00,,2.00,3,2,AMWI,GOLD
SACRAMENTO,1/9,80,296,321,3.70,0.31,4.01,131,37,GADW,SHOV
SACRAMENTO,1/12,117,610,643,5.21,0.28,5.50,163,145,GADW,GWTL
SACRAMENTO,1/13,77,293,405,3.81,1.45,5.26,98,58,GADW,SHOV
ASH CREEK,1/9,7,14,21,2.00,1.00,3.00,5,3,MALL,AMWI
ASH CREEK,1/12,12,0,7,,0.58,0.58,0,0,,
ASH CREEK,1/13,7,0,5,,0.71,0.71,0,0,,
DELEVAN,1/9,135,483,508,3.58,0.19,3.76,130,108,GADW,GWTL
DELEVAN,1/12,178,988,1028,5.55,0.22,5.78,236,222,GWTL,GADW
DELEVAN,1/13,142,488,507,3.44,0.13,3.57,155,118,GADW,SHOV
BUTTE VALLEY,1/9,26,0,35,,1.35,1.35,0,0,,
BUTTE VALLEY,1/12,25,0,3,,0.12,0.12,0,0,,
BUTTE VALLEY,1/13,3,0,0,,,,0,0,,
FINNEY-RAMER,1/9,0,0,0,,,,0,0,,
FINNEY-RAMER,1/10,3,2,2,0.67,,0.67,2,0,GWTL,
FINNEY-RAMER,1/11,2,3,3,1.50,,1.50,2,1,SHOV,GWTL
FINNEY-RAMER,1/12,0,0,0,,,,0,0,,
FINNEY-RAMER,1/13,5,5,5,1.00,,1.00,3,2,GWTL,SHOV
GADWALL (NO.GL),1/9,31,103,103,3.32,,3.32,68,17,GWTL,SHOV
GADWALL (NO.GL),1/12,31,167,167,5.39,,5.39,125,17,GWTL,SHOV
GADWALL (NO.GL),1/13,29,50,50,1.72,,1.72,31,8,GWTL,SHOV
GOLD HILLS,1/9,1,1,1,1.00,,1.00,1,0,GWTL,
GOLD HILLS,1/12,2,0,0,,,,0,0,,
GOODYEAR SLOUGH,1/9,4,5,5,1.25,,1.25,2,1,AMWI,MALL
GOODYEAR SLOUGH,1/12,8,7,7,0.88,,0.88,5,2,AMWI,SHOV
GOODYEAR SLOUGH,1/13,6,1,1,0.17,,0.17,1,0,SHOV,
GRAY LODGE,1/9,166,514,550,3.10,0.22,3.31,101,83,GADW,MALL
GRAY LODGE,1/12,265,944,1125,3.56,0.68,4.25,185,180,MALL,GADW
GRAY LODGE,1/13,188,473,569,2.52,0.51,3.03,108,92,MALL,GADW
GRIZZLY ISLAND,1/9,113,332,348,2.94,0.14,3.08,96,91,GWTL,AMWI
GRIZZLY ISLAND,1/12,193,490,512,2.54,,2.65,144,123,AMWI,GWTL
GRIZZLY ISLAND,1/13,78,89,92,1.14,0.04,1.18,25,19,AMWI,SHOV
JOICE ISLAND,1/9,0,0,0,,,,0,0,,
JOICE ISLAND,1/13,5,18,18,3.60,,3.60,9,5,MALL,GWTL
HONEY LAKE-DAKIN,1/9,15,2,7,0.13,0.33,0.47,1,1,MALL,PNTL
HONEY LAKE-DAKIN,1/12,22,2,6,0.09,0.18,0.27,2,0,MALL,
HONEY LAKE-DAKIN,1/13,10,0,0,,,,0,0,,
HONEY LAKE-FLEMING,1/9,25,40,53,1.60,0.52,2.12,20,8,MALL,GWTL
HONEY LAKE-FLEMING,1/12,21,0,4,0,,0.19,0,0,,
HONEY LAKE-FLEMING,1/13,8,7,10,0.88,0.38,1.25,5,2,GWTL,MALL
HOWARD SLOUGH (UBB),1/9,55,114,118,2.07,0.07,2.15,25,25,MALL,SHOV
HOWARD SLOUGH (UBB),1/12,64,157,182,2.45,0.39,2.84,53,47,MALL,SHOV
HOWARD SLOUGH (UBB),1/13,32,61,69,1.91,0.25,2.16,21,19,MALL,AMWI
KERN,1/9,123,356,361,2.90,,2.93,139,60,SHOV,GWTL
KERN,1/12,115,425,425,3.70,,3.70,177,103,SHOV,GWTL
ISLAND SLOUGH,1/9,12,15,17,1.25,0.17,1.42,9,4,GWTL,AMWI
ISLAND SLOUGH,1/12,15,17,17,1.13,,1.13,7,5,SHOV,GWTL
ISLAND SLOUGH,1/13,15,19,19,1.27,,1.27,7,5,GADW,PNTL
KESTERSON,1/9,46,159,159,3.46,,3.46,65,62,GWTL,SHOV
KESTERSON,1/12,75,211,215,2.81,0.05,2.87,79,75,SHOV,GWTI TL
KESTERSON,1/13,53,76,77,1.43,,1.45,29,25,GWTL,SHOV
LITTLE DRY CR. (UBB),1/9,79,310,329,3.92,0.24,4.16,90,79,MALL,GADW
LITTLE DRY CR. (UBB),1/12,91,395,469,4.34,0.81,5.15,175,65,MALL,GADW
LITTLE DRY CR. (UBB),1/13,71,287,320,4.04,0.46,4.51,120,35,MALL,GADV OW
LLANO SECO (UBB),1/9,33,27,27,0.82,,0.82,9,5,AMWI,MALL
LLANO SECO (UBB),1/12,33,65,65,1.97,,1.97,20,15,MALL,AMWI
LLANO SECO (UBB),1/13,27,59,60,2.19,0.04,2.22,18,18,MALL,AMWI
LOS BANOS,1/9,87,165,169,1.90,0.05,1.94,51,29,GWTL,SHOV
LOS BANOS,1/12,162,555,577,3.43,0.14,3.56,166,143,GWTL,SHOV
LOS BANOS,1/13,95,160,167,1.68,0.07,1.76,48,38,MALL,SHOV
MENDOTA,1/9,190,463,470,2.44,0.04,2.47,173,82,GWTL,SHOV
MENDOTA,1/12,377,1230,1236,3.26,0.02,3.28,502,325,GWTL,SHOV
MENDOTA,1/13,194,448,476,2.31,0.14,2.45,207,97,GWTL,SHOV
MERCED,1/9,25,53,56,2.12,0.12,2.24,20,13,GWTL,MALL
MERCED,1/12,36,84,92,2.33,0.22,2.56,39,15,SHOV,GADW
NORTH FRIETAS,1/9,11,57,57,5.18,,5.18,48,3,GWTL,MALL
NORTH FRIETAS,1/12,25,30,30,1.20,,1.20,19,6,MALL,WDDU U
NORTH FRIETAS,1/13,13,10,10,0.77,,0.77,5,3,MALL,AMWI
SOUTH FRIETAS,1/9,14,52,53,3.71,0.07,3.79,46,3,GWTL,MALL
SOUTH FRIETAS,1/12,15,32,36,2.13,0.27,2.40,12,6,GWTL,MALI L
SOUTH FRIETAS,1/13,16,21,22,1.31,0.06,1.38,6,5,GWTL,SHOV
SALT SLOUGH (NO.GL),1/9,28,95,95,3.39,,3.39,39,23,SHOV,GWTL
SALT SLOUGH (NO.GL),1/12,66,237,239,3.59,0.03,3.62,85,73,SHOV,MALL
SALT SLOUGH (NO.GL),1/13,49,119,119,2.43,,2.43,37,33,SHOV,MALL
SALTON SEA NWR,1/9,5,13,20,2.60,1.40,4.00,5,4,SHOV,GWTL
SALTON SEA NWR,1/12,25,117,133,4.68,0.64,5.32,47,42,SHOV,GWTL
SALTON SEA NWR,1/13,15,8,23,0.53,1.00,1.53,4,3,SHOV,GWTL
SACRAM,1/9,140,434,476,3.10,0.30,3.40,123,85,GADW,GWTL
SACRAM,1/12,203,776,831,3.82,0.27,4.09,166,158,GADW,SHOV
SACRAM,1/13,130,324,396,2.49,0.55,3.05,92,81,GADW,MALL
SAN JACINTO,1/9,72,127,127,1.76,,1.76,49,41,SHOV,GWTL
SAN JACINTO,1/12,111,197,197,1.77,,1.77,100,53,SHOV,GWTL
SAN LUIS,1/9,74,228,229,3.08,0.01,3.09,121,34,GWTL,SHOV
SAN LUIS,1/12,104,269,270,2.59,0.01,2.60,100,84,GWTL,SHOV
SAN LUIS,1/13,68,79,79,1.16,,1.16,26,22,GWTL,SHOV
SHASTA VALLEY,1/9,13,24,24,1.85,,1.85,7,6,GADW,RNDU
SHASTA VALLEY,1/12,5,0,0,,,,0,0,,
SHASTA VALLEY,1/13,4,1,1,0.25,,0.25,1,0,RNDU,
SUTTER,1/9,73,133,173,1.82,0.55,2.37,41,25,MALL,AMWI
SUTTER,1/12,92,464,551,5.04,0.95,5.99,177,124,AMWI,MALL
SUTTER,1/13,105,331,390,3.15,0.56,3.71,104,77,AMWI,MALL
VOLTA,1/9,41,146,146,3.56,,3.56,78,32,GWTL,SHOV
VOLTA,1/12,75,332,333,4.43,0.01,4.44,129,73,GWTL,SHOV
VOLTA,1/13,44,130,136,2.95,,3.09,55,25,SHOV,GWTL
WILLOW CREEK,1/9,1,2,2,2.00,,2.00,2,0,MALL,
WILLOW CREEK,1/12,2,5,5,2.50,,2.50,5,0,GADW,
WILLOW CREEK,1/13,0,0,0,,,,0,0,,
WISTER,1/9,112,173,205,1.54,0.29,1.83,84,38,GWTL,SHOV
WISTER,1/12,279,718,768,2.57,0.18,2.75,363,204,GWTL,SHOV
WISTER,1/13,110,86,102,0.78,0.15,0.93,36,24,GWTL,SHOV
YOLO,1/9,68,154,155,2.26,0.01,2.28,56,49,GWTL,SHOV
YOLO,1/12,102,420,425,4.12,0.05,4.17,182,118,GWTL,SHOV
YOLO,1/13,109,218,236,2.00,0.17,2.17,102,53,GWTL,SHOV
WEST BEAR CREEK,1/9,23,55,55,2.39,0.04,2.43,24,13,GWTL,MALL
WEST BEAR CREEK,1/12,34,118,119,3.47,0.03,3.50,32,24,MALL,GWTL
WEST BEAR CREEK,1/13,29,81,83,2.79,,2.86,30,15,SHOV,MALL
WEST FAMILY JR,1/9,0,0,0,,,,0,0,,
WEST FAMILY JR,1/12,2,0,0,,,,0,0,,
WEST FAMILY JR,1/13,2,0,0,,,,0,0,,
ASH CREEK,1/16,1,2,2,2.00,,2.00,2,0,OTDU,
DELEVAN,1/16,169,947,1140,5.60,1.14,6.75,361,152,GADW,AMWI
DELEVAN,1/19,147,712,922,4.84,1.43,6.27,207,163,GADW,SHOV
DELEVAN,1/20,166,521,675,3.14,0.93,4.07,171,113,GADW,SHOV
BUTTE VALLEY,1/16,0,0,0,,,,0,0,,
FINNEY-RAMER,1/17,2,3,3,1.50,,1.50,3,0,GWTL,
FINNEY-RAMER,1/19,3,5,5,1.67,,1.67,3,2,GWTL,SHOV
FINNEY-RAMER,1/20,2,6,6,3.00,,3.00,4,2,GWTL,SHOV
COLUSA,1/16,101,570,692,5.64,1.21,6.85,171,133,GADW,GWTL
COLUSA,1/19,120,532,568,4.43,0.30,4.73,166,115,GADW,GWTL
COLUSA,1/20,104,330,422,3.17,0.88,4.06,91,71,GADW,GWTL
GADWALL (NO.GL),1/16,31,148,148,4.77,,4.77,99,15,GWTL,SHOV
GADWALL (NO.GL),1/19,35,108,108,3.09,0.03,3.11,76,15,GWTL,SHOV
GADWALL (NO.GL),1/20,31,110,114,3.55,0.13,3.68,60,25,GWTL,SHOV
GRAY LODGE,1/16,218,1027,1145,4.71,0.54,5.25,245,219,MALL,GADW
GRAY LODGE,1/19,414,1561,1644,3.77,0.20,3.97,328,242,GADW,AMWI
GRAY LODGE,1/20,294,696,821,2.37,0.43,2.79,145,116,GADW,AMWI
GRIZZLY ISLAND,1/16,105,355,355,3.38,,3.38,174,58,AMWI,SHOV
GRIZZLY ISLAND,1/19,158,485,492,3.07,0.04,3.11,149,118,AMWI,GWTL
GRIZZLY ISLAND,1/20,84,202,204,2.40,0.02,2.43,67,34,AMWI,MALL
JOICE ISLAND,1/20,6,19,19,3.17,,3.17,12,5,MALL,GADW
HOWARD SLOUGH (UBB),1/16,53,279,319,5.26,0.75,6.02,90,74,MALL,AMWI
HOWARD SLOUGH (UBB),1/19,78,260,278,3.33,0.23,3.56,56,54,AMWI,MALL
HOWARD SLOUGH (UBB),1/20,58,111,136,1.91,0.43,2.34,34,25,WDDU,MALL
KERN,1/16,98,509,509,5.19,,5.19,180,92,SHOV,GADW
KERN,1/19,125,469,469,3.75,,3.75,164,109,SHOV,GWTL
KESTERSON,1/16,36,128,128,3.56,,3.56,57,40,SHOV,GWTL
KESTERSON,1/19,74,203,205,2.74,0.03,2.77,96,64,SHOV,GWTL
KESTERSON,1/2,45,80,94,1.78,0.31,2.09,39,17,SHOV,GWTL
LITTLE DRY CR. (UBB),1/16,93,493,602,5.30,1.17,6.47,207,95,MALL,AMWI
LITTLE DRY CR. (UBB),1/19,90,446,540,4.96,1.04,6.00,130,109,MALL,GADW
LITTLE DRY CR. (UBB),1/20,89,360,455,4.04,1.07,5.11,106,75,MALL,AMWI
LLANO SECO (UBB),1/16,20,88,89,4.40,0.05,4.45,28,23,MALL,AMWI
LLANO SECO (UBB),1/19,50,117,123,2.34,0.12,2.46,32,28,AMWI,MALL
LLANO SECO (UBB),1/20,29,56,61,1.93,0.17,2.10,16,11,AMWI,MALL
LOS BANOS,1/16,76,269,281,3.54,0.16,3.70,75,56,SHOV,MALL
LOS BANOS,1/19,154,440,454,2.86,0.09,2.95,110,93,GWTL,SHOV
LOS BANOS,1/20,91,227,245,2.49,0.20,2.69,60,59,GWTL,SHOV
MENDOTA,1/16,190,912,912,4.80,,4.80,452,159,GWTL,SHOV
MENDOTA,1/19,440,1386,1396,3.15,0.02,3.17,605,321,GWTL,SHOV
MENDOTA,1/20,206,306,310,1.49,0.02,1.50,113,60,GWTL,SHOV
MERCED,1/16,25,81,90,3.24,0.36,3.60,22,16,SHOV,GADW
MERCED,1/19,26,85,86,3.27,0.04,3.31,31,17,SHOV,GWTL
NORTH FRIETAS,1/16,16,32,32,2.00,,2.00,19,4,GWTL,GADW
NORTH FRIETAS,1/19,24,22,22,0.92,,0.92,10,5,GWTL,CINT
NORTH FRIETAS,1/20,0,0,0,,,,0,0,,
SOUTH FRIETAS,1/16,9,11,11,1.22,,1.22,4,3,GWTL,MALL
SOUTH FRIETAS,1/19,35,17,18,0.49,0.03,0.51,16,1,GWTL,AMWI
SOUTH FRIETAS,1/20,10,10,10,1.00,,1.00,7,2,GWTL,WDDU
SALT SLOUGH (NO.GL),1/16,38,152,152,4.00,,4.00,51,43,SHOV,MALL
SALT SLOUGH (NO.GL),1/19,81,113,114,1.40,0.01,1.41,52,20,SHOV,GWTL
SALT SLOUGH (NO.GL),1/20,37,89,89,2.41,,2.41,37,16,SHOV,MALL
SALTON SEA NWR,1/16,25,32,48,1.28,0.64,1.92,20,4,SHOV,GWTL
SALTON SEA NWR,1/19,35,54,66,1.54,0.34,1.89,29,18,SHOV,GWTL
SALTON SEA NWR,1/20,19,31,45,1.63,0.74,2.37,25,2,SHOV,PNTL
SACRAMENTO,1/16,144,625,801,4.34,1.22,5.56,188,108,GADW,SHOV
SACRAMENTO,1/19,250,772,998,3.09,0.90,3.99,167,161,SHOV,GADW
SACRAMENTO,1/20,198,388,640,1.96,1.27,3.23,80,74,GADW,MALL
SAN JACINTO,1/16,75,282,292,3.76,0.13,3.89,143,79,SHOV,GWTL
SAN JACINTO,1/19,118,185,186,1.57,0.01,1.58,83,60,GWTL,SHOV
SAN LUIS,1/16,53,135,136,2.55,0.02,2.57,43,42,CINT,GWTL
SAN LUIS,1/19,81,155,155,1.91,,1.91,54,41,GWTL,SHOV
SAN LUIS,1/20,65,81,83,1.25,0.03,1.28,38,22,SHOV,GWTL
SUTTER,1/16,109,414,572,3.80,1.45,5.25,123,95,MALL,AMWI
SUTTER,1/19,110,361,446,3.28,0.77,4.05,119,76,MALL,AMWI
SUTTER,1/20,120,459,546,3.83,0.73,4.55,135,134,AMWI,MALL
VOLTA,1/16,55,269,269,4.89,,4.89,78,59,GWTL,SHOV
VOLTA,1/19,93,397,400,4.27,0.03,4.30,150,115,GWTL,SHOV
VOLTA,1/20,48,148,148,3.08,,3.08,43,32,SHOV,GWTL
WISTER,1/16,116,275,297,2.37,0.19,2.56,115,73,GWTL,SHOV
WISTER,1/19,247,571,593,2.31,0.09,2.40,270,147,GWTL,SHOV
WISTER,1/20,105,144,206,1.37,0.59,1.96,55,47,GWTL,SHOV
YOLO,1/16,84,296,297,3.52,,3.54,126,54,SHOV,AMWI
YOLO,1/19,113,252,261,2.23,0.08,2.31,83,61,SHOV,GWTL
YOLO,1/20,117,358,364,3.06,0.05,3.11,106,91,SHOV,GWTL
WEST BEAR CREEK,1/16,30,105,105,3.50,,3.50,32,25,GWTL,SHOV
WEST BEAR CREEK,1/19,57,93,93,1.63,,1.63,29,24,GWTL,MALL
WEST BEAR CREEK,1/20,26,75,75,2.88,,2.88,24,23,SHOV,MALL
CHINA ISLAND (NO.GL),1/23,27,47,47,1.74,,1.74,19,12,GWTL,SHOV
CHINA ISLAND (NO.GL),1/26,44,113,113,2.57,,2.57,40,33,SHOV,GWTL
CHINA ISLAND (NO.GL),1/27,26,55,57,2.12,0.08,2.19,16,11,MALL,GWTL
DELEVAN,1/23,161,527,594,3.27,0.42,3.69,128,125,GWTL,GADW
DELEVAN,1/26,182,458,564,2.52,0.58,3.10,117,104,GADW,GWTL
DELEVAN,1/27,166,221,248,1.33,0.16,1.49,54,44,GWTL,GADW
FINNEY-RAMER,1/23,3,2,2,0.67,,0.67,2,0,GWTL,
FINNEY-RAMER,1/24,1,2,2,2.00,,2.00,2,0,GWTL,
FINNEY-RAMER,1/25,5,6,6,1.20,,1.20,4,2,GWTL,SHOV
FINNEY-RAMER,1/26,7,9,9,1.29,,1.29,5,4,GWTL,SHOV
FINNEY-RAMER,1/27,4,6,6,1.50,,1.50,3,2,GWTL,SHOV
COLUSA,1/23,100,359,380,3.59,0.21,3.80,114,69,GADW,GWTL
COLUSA,1/26,107,372,393,3.48,0.20,3.67,122,58,GADW,GWTL
COLUSA,1/27,97,150,177,1.55,0.28,1.82,49,29,GWTL,GADW
GADWALL (NO.GL),1/23,32,155,155,4.84,,4.84,114,26,GWTL,SHOV
GADWALL (NO.GL),1/26,30,136,136,4.53,,4.53,87,17,GWTL,SHOV
GADWALL (NO.GL),1/27,36,51,51,1.42,,1.42,22,11,GWTL,CINT
GRIZZLY ISLAND,1/23,136,417,421,3.07,0.03,3.10,128,85,AMWI,GWTL
GRIZZLY ISLAND,1/26,230,483,484,2.10,0.004,2.10,135,105,GWTL,AMWI
GRIZZLY ISLAND,1/27,120,132,135,1.10,0.03,1.13,41,27,GWTL,MALL
JOICE ISLAND,1/27,5,11,12,2.20,0.20,2.40,4,4,GADW,GWTL
HOWARD SLOUGH (UBB),1/23,70,182,188,2.60,0.09,2.69,48,31,WDDU,SHOV
HOWARD SLOUGH (UBB),1/26,88,183,188,2.08,0.06,2.14,37,26,WDDU,GWTL
HOWARD SLOUGH (UBB),1/27,50,95,105,1.90,0.20,2.10,21,13,WDDU,MALL
KESTERSON,1/23,75,194,194,2.59,,2.59,69,65,SHOV,GWTL
KESTERSON,1/26,82,147,148,1.79,0.01,1.80,78,34,GWTL,SHOV
KESTERSON,1/27,55,56,56,1.02,,1.02,21,15,GWTL,SHOV
LITTLE DRY CR. (UBB),1/23,88,377,454,4.28,0.88,5.16,107,103,MALL,GADW
LITTLE DRY CR. (UBB),1/26,95,343,426,3.61,0.87,4.48,86,78,GADW,MALL
LITTLE DRY CR. (UBB),1/27,98,217,262,2.21,0.46,2.67,50,44,GWTL,GADW
LLANO SECO (UBB),1/23,29,68,68,2.34,,2.34,22,19,AMWI,WDDU
LLANO SECO (UBB),1/26,55,99,105,1.80,0.11,1.91,28,21,AMWI,GADW
LLANO SECO (UBB),1/27,33,50,50,1.52,,1.52,21,7,AMWI,GADW
LOS BANOS,1/23,115,311,323,2.70,0.10,2.81,87,59,SHOV,GWTL
LOS BANOS,1/26,167,285,311,1.71,0.16,1.86,97,52,GWTL,SHOV
LOS BANOS,1/27,114,143,151,1.25,0.07,1.32,80,16,GWTL,SHOV
MENDOTA,1/23,272,762,764,2.80,0.007,2.81,278,154,GWTL,SHOV
MENDOTA,1/26,443,936,964,2.11,0.06,2.18,391,125,GWTL,SHOV
MENDOTA,1/27,233,338,351,1.45,0.06,1.51,155,46,GWTL,MALL
MERCED,1/23,25,68,68,2.72,,2.72,19,13,SHOV,MALL
MERCED,1/26,31,65,70,2.10,0.16,2.26,27,16,GWTL,SHOV
NORTH FRIETAS,1/23,7,29,29,4.14,,4.14,23,2,GWTL,GADW
NORTH FRIETAS,1/26,24,86,87,3.58,0.04,3.63,74,5,GWTL,AMWI
NORTH FRIETAS,1/27,19,30,30,1.58,,1.58,15,9,GWTL,MALL
SOUTH FRIETAS,1/23,4,17,17,4.25,,4.25,8,5,GWTL,MALL
SOUTH FRIETAS,1/26,10,36,36,3.60,,3.60,32,2,GWTL,MALL
SOUTH FRIETAS,1/27,6,21,23,3.50,0.33,3.83,15,3,GWTL,MALL
SALT SLOUGH (NO.GL),1/23,48,170,171,3.54,0.02,3.56,86,35,SHOV,GWTL
SALT SLOUGH (NO.GL),1/26,63,62,63,0.98,0.02,1.00,23,16,GWTL,SHOV
SALT SLOUGH (NO.GL),1/27,40,86,87,2.15,0.03,2.18,36,21,GWTL,MALL
SALTON SEA NWR,1/23,11,22,24,2.00,0.18,2.18,7,7,GWTL,SHOV
SALTON SEA NWR,1/26,42,67,71,1.60,0.10,1.70,39,11,SHOV,GWTL
SALTON SEA NWR,1/27,26,6,8,0.23,0.08,0.31,5,1,SHOV,PNTL
SACRAMENTO,1/23,184,565,636,3.07,0.39,3.46,157,101,GWTL,GADW
SACRAMENTO,1/26,244,598,712,2.45,0.47,2.92,139,121,GADW,GWTL
SACRAMENTO,1/27,185,153,221,0.83,0.37,1.20,30,22,SHOV,GADW
SAN JACINTO,1/23,82,246,246,3.00,,3.00,94,83,SHOV,GWTL
SAN JACINTO,1/26,103,142,142,1.38,,1.38,39,39,GWTL,SHOV
SAN LUIS,1/23,63,176,178,2.79,0.03,2.83,68,35,GWTL,SHOV
SAN LUIS,1/26,110,299,303,2.72,0.04,2.75,145,45,GWTL,SHOV
SAN LUIS,1/27,78,120,130,1.54,0.13,1.67,63,20,GWTL,MALL
SUTTER,1/23,102,354,434,3.47,0.78,4.25,113,91,AMWI,MALL
SUTTER,1/26,106,273,348,2.58,0.71,3.28,58,42,MALL,GADW
SUTTER,1/27,98,242,299,2.47,0.58,3.05,87,50,GWTL,MALL
VOLTA,1/23,81,297,297,3.67,,3.67,140,61,GWTL,SHOV
VOLTA,1/26,114,327,330,2.87,,2.89,142,64,GWTL,SHOV
VOLTA,1/27,41,50,50,1.22,,1.22,15,8,GWTL,GADW
WISTER,1/23,149,318,366,2.13,0.32,2.46,119,86,GWTL,SHOV
WISTER,1/26,261,455,484,1.74,0.11,1.85,240,84,GWTL,SHOV
WISTER,1/27,148,87,110,0.59,0.16,0.74,28,27,GWTL,SHOV
YOLO,1/23,93,295,324,3.17,0.31,3.48,119,56,GWTL,SHOV
YOLO,1/26,139,409,412,2.94,0.02,2.96,161,77,GWTL,SHOV
YOLO,1/27,126,192,213,1.52,0.17,1.69,84,37,GWTL,AMWI
WEST BEAR CREEK,1/23,33,131,131,3.97,,3.97,45,35,GWTL,SHOV
WEST BEAR CREEK,1/26,45,124,124,2.76,,2.76,69,15,GWTL,SHOV
WEST BEAR CREEK,1/27,27,36,40,1.33,0.15,1.48,11,10,SHOV,GWTL